,Stage Name ,Full Name ,Korean Name ,K. Stage Name,Date of Birth ,Group ,Country ,Height ,Weight,Birthplace ,Gender ,Instagram
0,Taeyeon,Kim Taeyeon,김태연,태연,3/9/1989,SNSD,South Korea,160,44,Jeonju,F,taeyeon_ss
1,Sunny,Lee Sunkyu,이순규,써니,5/15/1989,SNSD,South Korea,158,43,California,F,svnnynight
2,Tiffany,Hwang Miyoung,황미영,티파니,8/1/1989,SNSD,South Korea,163,50,San Francisco,F,xolovestephi
3,Hyoyeon,Kim Hyoyeon,김효연,효연,9/22/1989,SNSD,South Korea,158,48,Incheon,F,watasiwahyo
4,Yuri,Kwon Yuri,권유리,유리,12/5/1989,SNSD,South Korea,167,45,Goyang,F,yulyulk
5,Sooyoung,Choi Sooyoung,최수영,수영,2/10/1990,SNSD,South Korea,170,48,Gwangju,F,hotsootuff
6,Yoona,Im Yoona,임윤아,윤아,5/30/1990,SNSD,South Korea,166,47,Seoul,F,yoona__lim
7,Seohyun,Seo Joohyun,서주현,서현,6/28/1991,SNSD,South Korea,168,48,Seoul,F,seojuhyun_s
8,Jessica,Jessica Jung,제시카 정,제시카,4/18/1989,,South Korea,0,0,,F,jessica.syj
9,CL,Lee Chaerin,이채린,씨엘,2/26/1991,2NE1,South Korea,0,0,,F,chaelincl
10,Bom,Park Bom,박봄,봄,3/24/1984,2NE1,South Korea,0,0,,F,haroobommi
11,Dara,Park Sandara,박산다라,다라,11/12/1984,2NE1,South Korea,0,0,,F,daraxxi
12,Minzy,Kong Minji,공민지,민지,1/18/1994,2NE1,South Korea,0,0,,F,
13,Hyorin,Kim Hyojung,김효정,효린,12/11/1990,SISTAR,South Korea,0,0,,F,xhyolynx
14,Bora,Yoon Bora,윤보라,보라,12/30/1989,SISTAR,South Korea,0,0,,F,borabora_sugar
15,Soyou,Kang Jihyun,강지현,소유,2/12/1992,SISTAR,South Korea,0,0,,F,soooo_you
16,Dasom,Kim Dasom,김다솜,다솜,5/6/1993,SISTAR,South Korea,0,0,,F,som0506
17,Jihyun,Nam Jihyun,남지현,지현,1/9/1990,4minute,South Korea,167,0,Seoul,F,njh9019
18,Gayoon,Heo Gayoon,허가윤,가윤,5/18/1990,4minute,South Korea,165,0,Seoul,F,gayoon_heo
19,Jiyoon,Jeon Jiyoon,전지윤,지윤,10/15/1990,4minute,South Korea,165,0,Seoul,F,jenyerjiyoon
20,HyunA,Kim Hyuna,김현아,현아,6/6/1992,4minute,South Korea,164,0,Jeolla,F,hyunah_aa
21,Sohyun,Kwon Sohyun,권소현,소현,8/30/1994,4minute,South Korea,162,0,Seoul,F,kkwonsso_94
22,Jimin,Shin Jimin,신지민,지민,1/8/1991,,South Korea,160,43,Seoul,F,jiminbaby_18
23,Choa,Park Choa,박초아,초아,3/6/1990,,South Korea,160,42,Incheon,F,queenchoa_
24,Yuna,Seo Yuna,서유나,유나,12/30/1992,AoA,South Korea,163,45,Busan,F,yn_s_1230
25,Yookyung,Seo Yookyung,서유경,유경,3/15/1993,,South Korea,167,48,,F,
26,Hyejeong,Shin Hyejeong,신혜정,혜정,8/10/1993,AoA,South Korea,170,48,Seoul,F,dongdong810
27,Mina,Kwon Mina,권민아,민아,9/21/1993,,South Korea,159,43,Busan,F,kvwowv
28,Seolhyun,Kim Seolhyun,김설현,설현,1/3/1995,AoA,South Korea,167,47,Bucheon,F,sh_9513
29,Chanmi,Kim Chanmi,김찬미,찬미,6/19/1996,AoA,South Korea,166,47,Gumi,F,chanmi_96a
30,Sojin,Park Sojin,박소진,소진,5/21/1986,Girl's Day,South Korea,167,47,Daegu,F,ssozi_sojin
31,Yura,Kim Ahyoung,김아영,유라,11/6/1992,Girl's Day,South Korea,168,49,Ulsan,F,yura_936
32,Minah,Bang Minah,방민아,민아,5/13/1993,Girl's Day,South Korea,165,47,Incheon,F,bbang_93
33,Hyeri,Lee Hyeri,이혜리,혜리,6/9/1994,Girl's Day,South Korea,167,46,Gwangju,F,hyeri_0609
34,Jea,Kim Hyojin,김효진,제아,9/18/1981,Brown Eyed Girls,South Korea,0,0,,F,jeaworld
35,Miryo,Jo Mihye,조미혜,미료,11/2/1981,Brown Eyed Girls,South Korea,0,0,,F,miryoakajohoney
36,Narsha,Park Hyojin,박효진,나르샤,12/28/1981,Brown Eyed Girls,South Korea,0,0,,F,narsha81
37,Gain,Son Gain,손가인,가인,9/20/1987,Brown Eyed Girls,South Korea,0,0,,F,songain87
38,Chorong,Park Chorong,박초롱,초롱,3/3/1991,Apink,South Korea,165,0,Chungwongoon,F,mulgokizary
39,Bomi,Yoon Bomi,윤보미,보미,8/13/1993,Apink,South Korea,163,0,Suwon,F,
40,Eunji,Jung Eunji,정은지,은지,8/18/1993,Apink,South Korea,163,0,Busan,F,artist_eunji
41,Naeun,Son Naeun,손나은,나은,2/10/1994,,South Korea,168,0,Seoul,F,marcella_the_naeun
42,Namjoo,Kim Namjoo,김남주,남주,4/15/1995,Apink,South Korea,165,0,Seoul,F,sarangdungy
43,Hayoung,Oh Hayoung,오하영,하영,7/19/1996,Apink,South Korea,167,0,Seoul,F,o_h_y_y
44,Solji,Heo Solji,허솔지,솔지,1/10/1989,EXID,South Korea,170,0,Seongnam,F,soul.g_heo
45,LE,Ahn Hyejin,안효진,엘리,12/10/1991,EXID,South Korea,168,0,Cheonan,F,x_xellybabyx
46,Hani,Ahn Hee-yeon,안희연,하니,5/1/1992,EXID,South Korea,168,0,Seoul,F,ahnhani_92
47,Hyerin,Seo Hyerin,서혜린,혜린,8/23/1993,EXID,South Korea,165,0,Gwangju,F,hyeliniseo
48,Junghwa,Park Junghwa,박정화,정화,5/8/1995,EXID,South Korea,169,0,Anyang,F,jeonghwa_0508
49,Hyeyeon,Kang Hyeyeon,강혜연,혜연,12/8/1990,BESTie,South Korea,0,0,,F,hyeyeon_2
50,Uji,Jang Yuji,정유지,유지,1/2/1991,,South Korea,0,0,,F,yudi_didi
51,Dahye,Song Dahye,송다혜,다혜,6/12/1993,,South Korea,0,0,,F,dahye0612
52,Haeryeong,Na Haeryeong,나해령,해령,11/11/1994,BESTie,South Korea,0,0,,F,bestie_hr
53,Yubin,Kim Yubin,김유빈,유빈,10/4/1988,Wonder Girls,South Korea,163,0,Gwangju,F,
54,Yenny,Park Yeeun,박예은,예은,5/26/1989,Wonder Girls,South Korea,165,0,Goyang,F,hatfelt
55,Sunmi,Lee Sunmi,이선미,선미,5/2/1992,Wonder Girls,South Korea,167,0,Iksan,F,miyayeah
56,Hyerim,Woo Hyerim,우혜림,혜림,9/1/1992,Wonder Girls,South Korea,167,0,Seoul,F,wg_lim
57,Fei,Wang FeiFei,왕페이페이,페이,4/27/1987,miss A,China,165,0,Haikou,F,ff0427
58,Jia,Meng Jia,멍지아,지아,2/3/1989,miss A,China,166,0,Changja,F,mjbaby0203
59,Min,Lee Minyoung,이민영,민,6/21/1991,miss A,South Korea,161,0,Seoul,F,therealminnn
60,Suzy,Bae Suji,배수지,수지,10/10/1994,miss A,South Korea,168,0,Gwangju,F,skuukzky
61,Jamie,Park Jimin,박지민,박지민,7/5/1997,15&,South Korea,160,0,Junggu,F,jiminxjamie
62,Yerin,Baek Yerin,백예린,백예린,6/26/1997,15&,South Korea,165,0,Daejeon,F,yerinb
63,Jihyo,Park Jisoo,박지수,지효,2/1/1997,Twice,South Korea,162,0,Guri,F,
64,Nayeon,Im Nayeon,임나연,나연,9/22/1995,Twice,South Korea,163,0,Seoul,F,
65,Jeongyeon,Yoo Jeongyeon,유정연,정연,11/1/1996,Twice,South Korea,168,0,Suwon,F,
66,Momo,Hirai Momo,히라이 모모,모모,11/9/1996,Twice,Japan,167,0,Kyoto,F,
67,Sana,Minatozaki Sana,미나토자키 사나,사나,12/29/1996,Twice,Japan,168,0,Osaka,F,
68,Mina,Myoui Mina,묘이 미나,미나,3/24/1997,Twice,Japan,163,0,San Antonio,F,
69,Dahyun,Kim Dahyun,김다현,다현,5/28/1998,Twice,South Korea,165,0,Seongnam,F,
70,Chaeyoung,Son Chaeyoung,손채영,채영,4/23/1999,Twice,South Korea,159,0,Seoul,F,
71,Tzuyu,Chou Tzuyu,저우쯔위,쯔위,6/14/1999,Twice,Taiwan,169,0,Tainan,F,
72,Seunghee,Oh Seunghee,오승희,승희,10/10/1995,CLC,South Korea,163,0,Gwangju,F,
73,Yujin,Choi Yujin,최유진,유진,8/12/1996,Kep1er,South Korea,164,0,Jeonju,F,
74,Seungyeon,Jang Seunyeon,장승연,승연,11/6/1996,CLC,South Korea,163,0,Seongnam,F,
75,Sorn,Chonnasorn Sajakul,촌나손 사짜꾼,손,11/18/1996,CLC,Thailand,164,0,Bangkok,F,
76,YeeEun,Jang Yeeun,장예은,예은,8/10/1998,CLC,South Korea,166,0,Dongducheon,F,
77,Hyuna,Moon Hyuna,문현아,현아,1/19/1987,,South Korea,172,50,Yeosu,F,moongom119
78,Euaerin,Lee Hyemin,이혜민,이유애린,5/3/1988,,South Korea,174,48,Seoul,F,
79,Sungah,Son Sungah,손성아,성아,7/8/1989,9Muses,South Korea,172,48,Suma,F,ssungahhbaby
80,Kyungri,Park Kyungri,박경리,경리,7/5/1990,9Muses,South Korea,170,50,Busan,F,gyeongree
81,Hyemi,Pyo Hyemi,표혜미,혜미,4/3/1991,9Muses,South Korea,171,46,Gwangju,F,pyopyohyemi
82,Minha,Park Minha,박민하,민하,6/27/1991,,South Korea,172,47,Seoul,F,blossomh_
83,Sojin,Jo Sojin,조소진,소진,10/11/1991,9Muses,South Korea,170,47,Gwangju,F,josojin_1011
84,Keumjo,Lee Keumjo,이금조,금조,12/17/1992,9Muses,South Korea,167,48,Daegu,F,keumjo_1217
85,Sowon,Kim Sojung,김소정,소원,12/7/1995,Gfriend,South Korea,172,0,Seoul,F,
86,Yerin,Jung Yerin,정예린,예린,8/19/1996,Gfriend,South Korea,167,0,Incheon,F,
87,Eunha,Jung Eunbi,정은비,은하,5/30/1997,VIVIZ,South Korea,163,0,Seoul,F,
88,Yuju,Choi Yuna,최유나,유주,10/4/1997,Gfriend,South Korea,169,0,Goyang,F,
89,SinB,Hwang Eunbi,황은비,신비,6/3/1998,VIVIZ,South Korea,165,0,Cheongju,F,
90,Umji,Kim Yewon,김예원,엄지,8/19/1998,VIVIZ,South Korea,163,0,Incheon,F,
91,Victoria,Song Qian,송치엔,빅토리아,2/2/1987,f(x),China,168,45,Qingdao,F,victoria02_02
92,Amber,Amber Josephine Liu,엠버 조세핀 리우,엠버,9/18/1992,f(x),USA,167,0,Los Angeles,F,ajol_llama
93,Luna,Park Sunyoung,박선영,루나,8/12/1993,f(x),South Korea,162,0,Seoul,F,hermosavidaluna
94,Krystal,Krystal Jung,크리스탈 정,크리스탈,10/24/1994,f(x),South Korea,165,0,San Francisco,F,vousmevoyez
95,Irene,Bae Juhyun,배주현,아이린,3/29/1991,Red Velvet,South Korea,161,0,Daegu,F,
96,Seulgi,Kang Seulgi,강슬기,슬기,2/10/1994,Red Velvet,South Korea,162,0,Seoul,F,
97,Wendy,Son Seunghwan,손승완,웬디,2/21/1994,Red Velvet,South Korea,160,0,Seoul,F,
98,Joy,Park Sooyoung,박수영,조이,9/3/1996,Red Velvet,South Korea,163,0,Jeju,F,
99,Yeri,Kim Yerim,김예림,예리,3/5/1999,Red Velvet,South Korea,158,0,Seoul,F,
100,BoA,Kwon Boa,권보아,보아,11/5/1986,,South Korea,0,0,Guri,F,boakwon
101,Ailee,Lee Yejin,이예진,에일리,5/30/1989,,South Korea,165,0,Denver,F,aileeonline
102,G.NA,Gina Jane Choi,최지나,지나,9/13/1987,,Canada,167,0,Edmonton,F,missginachoi87
103,Taeha,Yoo Taeha,유태하,태하,10/5/1995,,South Korea,162,0,,F,
104,Seoyul,Seo Yuri,서유리,서율,11/26/1997,Berry Good,South Korea,163,0,,F,
105,Daye,Kim Hyunjung,김현정,다예,2/25/1998,Berry Good,South Korea,167,0,,F,
106,Sehyung,Kang Sehyung,강세형,세형,12/13/1998,Berry Good,South Korea,169,0,,F,
107,Gowoon,Moon Joojeong,문유정,고운,12/18/1998,Berry Good,South Korea,167,0,,F,
108,Hyangsuk,Lee Hyangsuk,이향숙,향숙,4/24/1991,2EYES,South Korea,165,0,Seoul,F,baby_sook
109,Daeun,Jung Daeun,정다은,정다은,6/3/1994,2EYES,South Korea,161,0,Bucheon,F,da.ni_jung
110,Dasom,Lee Dasom,이다솜,다솜,11/13/1993,2EYES,South Korea,164,0,Cheongju,F,
111,Hyerin,Kim Hyerin,김혜린,혜린,6/13/1993,2EYES,South Korea,170,0,Seoul,F,hyelyn0723
112,IU,Lee Jieun,이지은,아이유,5/16/1993,,South Korea,162,0,Seoul,F,dlwlrma
113,Jei,Kim Jinhee,김진희,재이,9/5/1989,Fiestar,South Korea,162,0,Bucheon,F,kimjeii
114,Cao Lu,Cao Lu,차오루,차오루,8/30/1987,Fiestar,China,166,0,Zhangjiajie,F,better_me_lulu
115,Linzy,Im Minji,임민지,린지,10/22/1989,Fiestar,South Korea,168,0,Incheon,F,linzy_minji
116,Hyemi,Kim Hyemi,김혜미,혜미,8/10/1990,Fiestar,South Korea,161,0,Seoul,F,hyemi_haaaaam
117,Yezi,Lee Yeji,이예지,예지,8/26/1994,Fiestar,South Korea,161,0,Gangneung,F,-
118,Hana,Shin Bora,신보라,하나,4/30/1993,Gugudan,South Korea,0,0,,F,
119,Mimi,Jung Mimi,정미미,미미,1/1/1993,Gugudan,South Korea,163,0,,F,
120,Haebin,Han Haebin,한해빈,해빈,8/16/1995,Gugudan,South Korea,0,0,,F,
121,Nayoung,Kim Nayoung,김나영,나영,11/23/1995,Gugudan,South Korea,169,50,,F,
122,Sejeong,Kim Sejeong,김세정,세정,8/28/1996,Gugudan,South Korea,164,48,,F,
123,Sally,Liu Xiening,류셰닝,샐리,10/23/1996,Gugudan,China,0,0,Guangdong,F,
124,Soyee,Jang Sojin,장소진,소이,11/21/1996,Gugudan,South Korea,0,0,,F,
125,Mina,Kang Mina,강미나,미나,12/4/1999,Gugudan,South Korea,162,48,Icheon,F,
126,Hyeyeon,Cho Hyeyeon,조혜연,혜연,8/5/2000,,South Korea,0,0,,F,
127,Hyojung,Choi Hyojung,최효정,효정,7/28/1994,Oh My Girl,South Korea,160,46,Yangyang,F,
128,JinE,Shin Hyejin,신혜진,진이,1/22/1995,,South Korea,160,48,Pohang,F,
129,Mimi,Kim Mihyun,김미현,미미,5/1/1995,Oh My Girl,South Korea,163,50,Jeju,F,
130,Yooa,Yoo Siah,유시아,유아,9/17/1995,Oh My Girl,South Korea,160,50,Seoul,F,
131,Seunghee,Hyun Seunghee,현승희,승희,1/25/1996,Oh My Girl,South Korea,160,48,Chuncheon,F,
132,Jiho,Kim Jiho,김지호,지호,4/4/1997,Oh My Girl,South Korea,165,49,Okcheon,F,
133,Yubin,Bae Yubin,배유빈,유빈,9/9/1997,Oh My Girl,South Korea,161,49,Chuncheon,F,
134,Arin,Choi Yewon,최예원,아린,6/18/1999,Oh My Girl,South Korea,163,47,Busan,F,
135,Babysoul,Lee Soojung,이수정,베이비소울,7/6/1992,Lovelyz,South Korea,158,41,Gwangju,F,
136,Jiae,Yoo Jiae,유지애,지애,5/21/1993,Lovelyz,South Korea,163,43,Seoul,F,
137,Jisoo,Seo Jisoo,서지수,지수,2/11/1994,Lovelyz,South Korea,165,46,Incheon,F,
138,Mijoo,Lee Mijoo,이미주,미주,9/23/1994,Lovelyz,South Korea,167,47,Okcheon,F,
139,Kei,Kim Jiyeon,김지연,케이,3/20/1995,Lovelyz,South Korea,162,47,Incheon,F,
140,JIN,Park Myungeun,박명은,진,6/12/1996,Lovelyz,South Korea,165,47,Busan,F,
141,Sujeong,Ryu Sujeong,류수정,수정,11/19/1997,Lovelyz,South Korea,168,48,Daejeon,F,
142,Yein,Jeong Yein,정예인,예인,6/4/1998,Lovelyz,South Korea,166,0,Incheon,F,
143,Yujeong,Kim Yujeong,김유정,유정,2/14/1992,,South Korea,161,42,Seoul,F,
144,Soyeon,Jung Soyeon,정소연,소연,5/4/1994,LABOUM,South Korea,161,44,Gwangju,F,
145,ZN,Bae Jinye,배진예,지엔,6/9/1994,LABOUM,South Korea,169,48,Bucheon,F,
146,Haein,Yeom Haein,염해인,해인,5/19/1995,LABOUM,South Korea,162,45,Ojeonggu,F,
147,Solbin,Ahn Solbin,안솔빈,솔빈,8/19/1997,LABOUM,South Korea,169,52,Ojeonggu,F,
148,Yulhee,Kim Yulhee,김율희,율희,11/27/1997,,South Korea,166,52,Bucheon,F,
149,Boram,Jeon Boram,전보람,보람,3/22/1986,,South Korea,155,45,Seoul,F,bo_ram_0322
150,Qri,Lee Jihyun,이지현,큐리,12/12/1986,T-ara,South Korea,162,44,Goyang,F,qtfreet
151,Soyeon,Park Soyeon,박소연,소연,10/5/1987,,South Korea,163,46,Andong,F,melodysoyani
152,Eunjung,Ham Eunjung,함은정,은정,12/12/1988,T-ara,South Korea,167,47,Seoul,F,sweetgirl_eunjung
153,Hyomin,Park Sunyoung,박선영,효민,5/30/1989,T-ara,South Korea,167,43,Busan,F,hyominnn
154,Jiyeon,Park Jiyeon,박지연,지연,6/7/1993,T-ara,South Korea,167,45,Seoul,F,jiyeon2__
155,Solar,Kim Yongsun,김용선,솔라,2/21/1991,Mamamoo,South Korea,163,43,Seoul,F,
156,Moonbyul,Moon Byulyi,문별이,문별,12/22/1992,Mamamoo,South Korea,165,45,Bucheon,F,
157,Wheein,Jung Wheein,정휘인,휘인,4/17/1995,Mamamoo,South Korea,162,43,Jeonju,F,
158,Hwasa,Ahn Hyejin,안혜진,화사,7/23/1995,Mamamoo,South Korea,162,44,Jeonju,F,
159,Yeoeun,Jung Jieun,정지은,여은,1/25/1990,MELODYDAY,South Korea,169,0,,F,yeosilver
160,Yein,Ahn Yein,안예인,예인,5/4/1995,MELODYDAY,South Korea,168,0,,F,yen_thankful954
161,Chahee,Park Sooyoung,박수영,차희,3/24/1996,MELODYDAY,South Korea,167,0,,F,hichaheebye
162,Yoomin,Na Yoomin,나유민,유민,8/29/1993,MELODYDAY,South Korea,165,0,,F,im.umin
163,Elkie,Chong Ting Yan,쫑딩얀,엘키,11/2/1998,,Hong Kong,163,45,Hong Kong,F,
164,Eunbin,Kwon Eunbin,권은빈,은빈,1/6/2000,CLC,South Korea,167,48,Seoul,F,
165,Jisoo,Kim Jisoo,김지수,지수,1/3/1995,BLACKPINK,South Korea,162,45,Seoul,F,
166,Jennie,Kim Jennie,김제니,제니,1/16/1996,BLACKPINK,South Korea,163,50,Anyang,F,
167,Rosé,Roseanne Park,로잔느 박,로제,2/11/1997,BLACKPINK,South Korea,167,0,Auckland,F,
168,Lisa,Pranpriya Manoban,쁘란쁘리야 마노반,리사,3/27/1997,BLACKPINK,Thailand,170,46,Bangkok,F,
169,Hyeji,Jeong Hyeji,정혜지,혜지,4/2/1992,4TEN,South Korea,0,0,Seoul,F,
170,Heeo,Gwak Heeoh,곽히오,히오,5/2/1994,4TEN,South Korea,0,0,,F,
171,Yoon,Heo Yoon,허윤,윤,9/23/1994,4TEN,South Korea,0,0,,F,
172,Hyejin,Baek Hyejin,백혜진,혜진,11/21/1996,4TEN,South Korea,0,0,Sacheon,F,
173,Uee,Kim Yujin,김유진,유이,4/9/1988,,South Korea,0,0,Daegu,F,
174,Raina,Oh Hyerin,오혜린,레이나,5/7/1989,After School,South Korea,0,0,Ulsan,F,raina_57
175,Nana,Im Jinah,임진아,나나,9/14/1991,After School,South Korea,0,0,Cheongju,F,jin_a_nana
176,Lizzy,Park Sooyoung,박수영,리지,7/31/1992,After School,South Korea,0,0,Busan,F,luvlyzzy
177,E-Young,Noh Yiyoung,노이영,이영,8/16/1992,After School,South Korea,0,0,Chuncheon,F,e_young0816
178,Kaeun,Lee Kaeun,이가은,가은,8/20/1994,After School,South Korea,0,0,Seoul,F,realkkaaanngg
179,Kahi,Park Jiyoung,박지영,가희,12/25/1980,,South Korea,0,0,Daegu,F,imisskahi
180,Jooyeon,Lee Jooyeon,이주연,주연,3/19/1987,,South Korea,0,0,Seoul,F,jupppal
181,Jungah,Kim Jungah,김정아,정아,8/2/1983,,South Korea,0,0,Incheon,F,i_am_jjunga
182,Soyoung,Yoo Soyoung,유소영,소영,3/29/1996,,South Korea,0,0,Seoul,F,ssossolovely
183,Bekah,Rebecca Kim,김레베카,베카,8/11/1989,,South Korea,0,0,Honolulu,F,
184,Chaewon,Kim Chaewon,김채원,채원,11/8/1997,APRIL,South Korea,0,0,Gongju,F,
185,Naeun,Lee Naeun,이나은,나은,5/5/1999,APRIL,South Korea,0,0,Daejeon,F,
186,Yena,Yang Yena,양예나,예나,5/22/2000,APRIL,South Korea,0,0,Daegu,F,
187,Jinsol,Lee Jinsol,이진솔,진솔,12/4/2001,APRIL,South Korea,0,0,Andong,F,
188,Hyunjoo,Lee Hyunjoo,이현주,현주,2/5/1998,UNI.T,South Korea,0,0,Seoul,F,
189,Monika,Kang Yeh,강예,모니카,5/21/1991,BADKIZ,South Korea,0,0,Seoul,F,maygirl_nika
190,LuA,Jo Hankyeung,조한경,루아,9/14/1991,BADKIZ,South Korea,0,0,Busan,F,
191,K.Me,Na Miri,나미리,케이미,4/10/1992,BADKIZ,South Korea,0,0,Yeosu,F,k.me93
192,Somin,Jang Somin,장소민,소민,11/10/1993,BADKIZ,South Korea,0,0,Gwangmyeon,F,somin.92
193,U-Si,Yoo Jiyeon,윤지연,유시,11/13/1997,BADKIZ,South Korea,0,0,Iksan,F,_u_si
194,Gabin,Kim Gabin,김가빈,가빈,9/18/1989,Blady,South Korea,0,0,Busan,F,_kimgabin
195,Dayoung,Kim Dayoung,김다영,다영,2/2/1991,Blady,South Korea,0,0,Jeonju,F,loloola22_
196,Giru,Park Giru,박기루,기루,8/14/1991,Blady,South Korea,0,0,Incheon,F,giru_p
197,Tina,Christine Joy Park,크리스틴 조이 박,티나,9/1/1994,Blady,USA,0,0,Los Angeles,F,nuhmootina
198,Yeeun,Hwang Yeeun,황예은,예은,1/12/1997,Blady,South Korea,0,0,Gimhae,F,yeeuneeeee_
199,Minyoung,Kim Minyeong,김민영,민영,9/12/1990,Brave Girls,South Korea,0,0,Seongnam,F,
200,Yujeong,Nam Yujeong,남유정,유정,5/2/1991,Brave Girls,South Korea,0,0,Seoul,F,
201,Eunji,Hong Eunji,홍은지,은지,7/19/1992,Brave Girls,South Korea,0,0,Seoul,F,
202,Yoojin,Jang Yoojin,정유진,유진,9/14/1992,,South Korea,0,0,,F,yoojinbabe
203,Yuna,Lee Yuna,이유나,유나,4/6/1993,Brave Girls,South Korea,0,0,Seoul,F,
204,Hyeran,Noh Hyeran,노혜란,혜란,4/9/1993,,South Korea,0,0,,F,hrannnoh
205,Hayun,Lee Hayun,이하윤,하윤,8/29/1994,,South Korea,0,0,Changwon,F,hayoon.y
206,Bona,Kim Jiyeon,김지연,보나,8/19/1995,Cosmic Girls,South Korea,163,0,Daegu,F,
207,Cheng Xiao,Cheng Xiao,청샤오,성소,7/15/1998,Cosmic Girls,China,167,0,Shenzhen,F,chengxiao_0715
208,Dayoung,Im Dayoung,임다영,다영,5/14/1999,Cosmic Girls,South Korea,161,0,Jeju,F,
209,Xuanyi,Wu Xuanyi,우쉬안이,선의,1/26/1995,Cosmic Girls,China,166,0,Hainan,F,
210,Eunseo,Son Juyeon,손주연,은서,5/27/1998,Cosmic Girls,South Korea,167,0,Incheon,F,_eunseo_v
211,Yeoreum,Lee Jinsook,이진숙,여름,1/10/1999,Cosmic Girls,South Korea,161,0,Seoul,F,
212,Seola,Kim Hyunjung,김현정,설아,12/24/1994,Cosmic Girls,South Korea,165,0,Seoul,F,seola_s
213,Exy,Chu Sojung,추소정,엑시,11/6/1995,Cosmic Girls,South Korea,166,0,Busan,F,exy_s2
214,Soobin,Park Soobin,박수빈,수빈,9/14/1996,Cosmic Girls,South Korea,159,0,Seoul,F,
215,Luda,Lee Luda,이루다,루다,3/6/1997,Cosmic Girls,South Korea,157,0,Seoul,F,
216,Dawon,Nam Dawon,남다원,다원,3/16/1997,Cosmic Girls,South Korea,167,0,Seoul,F,
217,Meiqi,Meng Meiqi,멍메이치,미기,10/15/1998,Cosmic Girls,China,164,0,Luoyang,F,
218,Yeonjung,Yu Yeonjung,유연정,연정,8/3/1999,Cosmic Girls,South Korea,167,52,Gwangmyeong,F,uyj_s
219,Geummi,Baek Boram,백보람,금미,6/18/1988,Crayon Pop,South Korea,165,0,Seoul,F,g.mi
220,Ellin,Kim Minyoung,김민영,엘린,4/2/1990,Crayon Pop,South Korea,165,44,Daegu,F,hiellin
221,Choa,Heo Minjin,허민진,초아,7/12/1990,Crayon Pop,South Korea,161,0,Seoul,F,
222,Way,Heo Minsun,허민선,웨이,7/12/1990,Crayon Pop,South Korea,161,0,Seoul,F,baysunny
223,Soyul,Park Hyekyeong,박혜경,소율,5/15/1991,Crayon Pop,South Korea,160,0,Seoul,F,
224,Hanna,Shin Jiyeon,신지연,한나,2/19/1994,MIXX,South Korea,170,48,,F,
225,Henny,Kang Gayoung,강가영,헤니,12/1/1994,,South Korea,168,50,,F,
226,Arie,Jeon Minjae,전민재,아리,4/7/2000,MIXX,South Korea,163,45,,F,
227,Liyah,Moon Liya,문리야,리야,5/11/2000,MIXX,South Korea,175,52,,F,
228,Jiu,Kim Minji,김민지,지유,5/17/1994,Dreamcatcher,South Korea,167,0,Daejeon,F,
229,Sua,Kim Bora,김보라,수아,8/10/1994,Dreamcatcher,South Korea,164,0,Changwon,F,
230,Siyeon,Lee Siyeon,이시연,시연,10/1/1995,Dreamcatcher,South Korea,170,0,Daegu,F,
231,Yoohyeon,Kim Yoohyeon,김유현,유현,1/7/1997,Dreamcatcher,South Korea,171,0,Incheon,F,
232,Dami,Lee Yoobin,이유빈,다미,3/7/1997,Dreamcatcher,South Korea,163,0,Seoul,F,
233,Hyebin,Lee Hyebin,이혜빈,혜빈,1/12/1996,MOMOLAND,South Korea,165,44,Andong,F,
234,Yeonwoo,Lee Dabin,이다빈,연우,8/1/1996,,South Korea,170,49,Seoul,F,
235,Jane,Sung Jiyeon,성지연,제인,12/20/1997,MOMOLAND,South Korea,167,46,Changwon,F,
236,Nayun,Kim Nayun,김나윤,나윤,7/31/1998,MOMOLAND,South Korea,167,48,Seoul,F,
237,Joo E,Lee Joowon,이주원,주이,8/18/1999,MOMOLAND,South Korea,164,45,Bucheon,F,
238,AhIn,Lee Ahin,이아인,아인,9/27/1999,MOMOLAND,South Korea,160,44,Wonju,F,
239,Nancy,Nancy Mcdonie,낸시 맥다니,낸시,4/13/2000,MOMOLAND,South Korea,162,45,Daegu,F,
240,Sumin,Ji Sumin,지수민,수민,3/3/1994,Sonamoo,South Korea,168,0,Yongin,F,
241,Minjae,Seong Minjae,성민재,민재,12/18/1994,Sonamoo,South Korea,165,0,Busan,F,
242,D.ana,Cho Eunae,조은애,디애나,9/10/1995,Sonamoo,South Korea,170,0,Seoul,F,
243,Nahyun,Kim Nahyun,김나현,나현,12/9/1995,Sonamoo,South Korea,170,0,Seoul,F,
244,Euijin,Hong Euijin,홍의진,의진,10/8/1996,Sonamoo,South Korea,168,0,Gwangju,F,
245,High.D,Kim Dohee,김도희,하이디,12/21/1996,Sonamoo,South Korea,165,0,Suwon,F,
246,New Sun,Choi Yoonsun,최윤선,뉴썬,6/19/1997,Sonamoo,South Korea,172,0,,F,
379,Somin,Jeon Somin,전소민,소민,8/22/1996,KARD,South Korea,0,0,Seoul,F,
380,Jiwoo,Jeon Jiwoo,전지우,지우,10/4/1996,KARD,South Korea,0,0,,F,
381,Youngji,Hur Youngji,허영지,영지,8/30/1994,,South Korea,0,0,Goyang,F,
382,Gyuri,Park Gyuri,박규리,규리,5/21/1988,KARA,South Korea,0,0,Seoul,F,
383,Seungyeon,Han Seungyeon,한승연,승연,7/24/1988,KARA,South Korea,0,0,Seoul,F,
384,Hara†,Koo Hara,구하라,하라,1/13/1991,KARA,South Korea,0,0,Gwangju,F,
385,Nicole,Nicole Jung,정니콜,니콜,10/7/1991,,South Korea,0,0,Los Angeles,F,
386,Jiyoung,Kang Jiyoung,강지영,지영,1/18/1994,,South Korea,0,0,Paju,F,
397,Moonhee,Choi Moonhee,최문희,문희,4/15/1997,Bonus Baby,South Korea,167,0,,F,
398,Hayoon,Jung Hayoon,정하윤,하윤,11/21/1998,Bonus Baby,South Korea,163,0,,F,
399,Chaehyun,Kim Chaehyun,김채현,채현,11/29/1999,Bonus Baby,South Korea,163,0,,F,
400,Dayun,Kim Dayun,김다윤,다윤,11/20/2000,Bonus Baby,South Korea,164,0,,F,
401,Gaon,Beom Gaon,범가온,가온,3/9/2001,Bonus Baby,South Korea,163,0,,F,
402,Kongyoo,Kong Yoojin,공유진,공유,5/11/2001,Bonus Baby,South Korea,163,0,,F,
403,Chaekyung,Yoon Chaekyung,윤채경,채경,7/7/1996,APRIL,South Korea,160,45,Incheon,F,
404,Rachel,Sung Nayeon,성나연,레이첼,8/28/2000,APRIL,South Korea,0,0,,F,
405,Sohee,Kim Sohee,소희,김소희,1/20/1995,Nature,South Korea,162,41,Busan,F,
406,Lee Haein,Lee Haein,이해인,이해인,7/4/1992,I.B.I,South Korea,165,49,Changwon,F,
407,Lee Suhyun,Lee Suhyun,이수현,이수현,11/5/1996,I.B.I,South Korea,167,50,Ansan,F,
408,Han Hyeri,Han Hyeri,한혜리,한혜리,8/24/1997,I.B.I,South Korea,159,42,Gwangmyeong,F,soh_eee
409,Hyosung,Jun Hyoseong,전효성,효성,10/13/1989,SECRET,South Korea,0,0,Cheongju,F,secrettimehs
410,Hana,Jung Hana,정하나,하나,2/2/1990,SECRET,South Korea,0,0,Uljeongbu,F,
411,Jieun,Song Jieun,송지은,지은,5/5/1990,SECRET,South Korea,0,0,Seoul,F,secret_jieunssong
412,Sunhwa,Han Sunhwa,한선화,선화,10/6/1990,,South Korea,0,0,Busan,F,shh_daily
413,Heeyu,Choi Heejae,최희재,희유,6/30/1995,MIXX,South Korea,159,0,,F,
414,Mia,Son Hyunmi,손현미,미아,12/31/1997,MIXX,South Korea,174,0,,F,
415,Heejin,Jeon Heejin,전희진,희진,10/19/2000,LOONA,South Korea,0,0,Seongnam,F,
416,Hyunjin,Kim Hyunjin,김현진,현진,11/15/2000,LOONA,South Korea,0,0,Jeonju,F,
417,Haseul,Jo Haseul,조하슬,하슬,8/18/1997,LOONA,South Korea,0,0,Ansan,F,
418,Yeojin,Im Yeojin,임여진,여진,11/11/2002,LOONA,South Korea,0,0,Guro,F,
419,Handong,Han Dong,한동,한동,3/26/1996,Dreamcatcher,China,0,0,Wuhan,F,
420,Gahyeon,Lee Gahyeon,이가현,가현,2/3/1999,Dreamcatcher,South Korea,0,0,Seongnam,F,
421,Nayoung,Im Nayoung,임나영,나영,12/18/1995,Pristin,South Korea,171,51,Chungcheongham,F,
422,Roa,Kim Minkyung,김민경,로아,7/29/1997,Hinapia,South Korea,172,49,,F,
423,Yuha,Kang Kyungwon,강경원,유하,11/5/1997,Hinapia,South Korea,170,50,,F,
424,Eunwoo,Jeong Eunwoo,정은우,은우,7/1/1998,Hinapia,South Korea,167,48,,F,
425,Rena,Kang Yebin,강예빈,레나,10/19/1998,Hinapia,South Korea,162,49,,F,
426,Kyulkyung,Zhou Jieqiong,저우제충,결경,12/16/1998,Pristin,China,167,49,Taizhou,F,
427,Yehana,Kim Yewon,김예원,예하나,2/22/1999,Pristin,South Korea,0,0,Ilsan,F,
428,Sungyeon,Bae Sungyeon,배성연,성연,5/25/1999,Pristin,USA,0,0,California,F,
429,Xiyeon,Park Junghyun,박정현,시연,11/14/2000,Pristin,South Korea,164,51,,F,
430,Kyla,Kyla Massie,카일라 매시,카일라,12/26/2001,Pristin,USA,0,0,California,F,
431,Alice,Song Joohee,송주희,앨리스,3/21/1990,Hello Venus,South Korea,166,47,Wonju,F,jh.song_alice
432,Nara,Kwon Nara,권나라,나라,3/13/1991,Hello Venus,South Korea,172,52,Seongnam,F,hv_nara
433,Lime,Kim Hyerim,김혜림,라임,1/19/1993,Hello Venus,South Korea,169,50,,F,hv_lime
434,Seoyoung,Lee Seoyoung,이서영,서영,6/27/1994,Hello Venus,South Korea,164,50,,F,hv_seo0
435,Yooyoung,Lee Yooyoung,이유영,유영,1/23/1995,Hello Venus,South Korea,170,49,Suwon,F,hv_u0
436,Yeoreum,Ahn Chaeyeon,안채연,여름,6/4/1996,Hello Venus,South Korea,167,48,,F,
437,Eunice,Heo Sooyeon,허수연,유니스,9/2/1991,DIA,South Korea,166,49,Busan,F,
438,Huihyeon,Ki Huihyeon,기희현,희현,6/16/1995,DIA,South Korea,167,46,Namwon,F,
439,Jenny,Lee Soyul,이소율,제니,9/4/1996,,South Korea,165,47,Seoul,F,
440,Yebin,Baek Yebin,백예빈,예빈,7/13/1997,DIA,South Korea,164,43,Chuncheon,F,
441,Eunjin,Ahn Eunjin,안은진,은진,8/31/1997,,South Korea,170,49,Mokpo,F,
442,Chaeyeon,Jung Chaeyeon,정채연,채연,12/1/1997,DIA,South Korea,165,49,Suncheon,F,
443,Eunchae,Kwon Chaewon,권채원,은채,5/26/1999,DIA,South Korea,0,0,,F,
505,Chungha,Kim Chungha,김청하,청하,2/9/1996,,South Korea,0,0,Dallas,F,
506,Sohye,Kim Sohye,김소혜,소혜,7/19/1999,,South Korea,0,0,Seoul,F,
507,Yoojung,Choi Yoojung,최유정,유정,11/12/1999,Weki Meki,South Korea,0,0,Guri,F,
508,Doyeon,Kim Doyeon,김도연,도연,12/4/1999,Weki Meki,South Korea,0,0,Incheon,F,
509,Somi,Jeon Somi,전소미,소미,3/9/2001,,South Korea,0,0,Ontario,F,
522,I,Cha Yoonji,차윤지,아이,12/2/1996,,South Korea,0,0,Busan,F,
551,Johyun,Shin Jiwon,신지원,조현,4/14/1996,Berry Good,South Korea,0,0,,F,
552,Serri,Park Miyeon,박미연,세리,9/16/1990,Dal Shabet,South Korea,0,0,Seoul,F,
553,Ahyoung,Cho Jayoung,조자영,아영,5/26/1991,Dal Shabet,South Korea,0,0,Seoul,F,
554,Woohee,Bae Woohee,배우희,우희,11/21/1991,Dal Shabet,South Korea,0,0,Busan,F,
555,Subin,Park Subin,박수빈,수빈,2/12/1994,Dal Shabet,South Korea,0,0,Gwangju,F,
556,Jiyul,Yang Jungyoon,양정윤,지율,7/30/1991,,South Korea,0,0,Seoul,F,
557,Gaeun,Cho Kaeun,조가은,가은,7/28/1992,,South Korea,0,0,Changwon,F,
558,Viki,Kang Eunhye,강은혜,비키,3/28/1988,,South Korea,0,0,Seoul,F,
559,Haeri,Lee Haeri,이해리,해리,2/14/1985,Davichi,South Korea,0,0,Seoul,F,
560,Minkyung,Kang Minkyung,강민경,민경,8/3/1990,Davichi,South Korea,0,0,Goyang,F,
561,Sulli†,Choi Jinri,최진리,설리,3/29/1994,,South Korea,0,0,Busan,F,
562,Ashley,Ashley Choi,애슐리 최,애슐리,11/9/1991,Ladies' Code,South Korea,0,0,Incheon,F,
563,Sojung,Lee Sojung,이소정,소정,9/3/1993,Ladies' Code,South Korea,0,0,Wonju,F,
564,Zuny,Kim Joomi,김주미,주니,12/8/1994,Ladies' Code,South Korea,0,0,Gwangju,F,
565,Yunji,Lee Yunji,이윤지,윤지,4/4/1992,Playback,South Korea,0,0,,F,
566,Hayoung,Lee Hayoung,이하영,하영,8/3/1993,Playback,South Korea,0,0,,F,
567,Yujin,Seo Yoojin,소유진,유진,6/18/1994,Playback,South Korea,0,0,,F,
568,Woolim,Hwang Woolim,황우림,우림,8/29/1996,Playback,South Korea,0,0,,F,
569,Red,Lee Heejin,이희진,빨강,7/10/1991,Pungdeng-E,South Korea,163,0,Daegu,F,
570,Yellow,Kim Eunbi,김은비,노랑,5/5/1993,Pungdeng-E,South Korea,156,0,Seoul,F,
571,Blue,Jung Gahee,정가희,파랑,1/18/1994,Pungdeng-E,South Korea,161,0,Gwangju,F,
572,Jaekyung,Kim Jaekyung,김재경,재경,12/24/1988,Rainbow,South Korea,168,45,Seoul,F,
573,Woori,Go Woori,고우리,우리,2/22/1988,Rainbow,South Korea,165,44,Jeonju,F,
574,Seungah,Oh Seungah,오승아,승아,9/13/1988,Rainbow,South Korea,167,45,Seoul,F,
575,Noeul,No Eul,노을,노을,5/10/1989,Rainbow,South Korea,164,44,Jeonju,F,
576,Yoonhye,Jung Yoonhye,정윤혜,윤혜,4/14/1990,Rainbow,South Korea,166,47,Daejeon,F,
577,Jisook,Kim Jisook,김지숙,지숙,7/18/1990,Rainbow,South Korea,164,41,Suwon,F,
578,Hyunyoung,Cho Hyunyoung,조현영,현영,8/11/1991,Rainbow,South Korea,160,41,Seoul,F,
584,Vivi,Wong Viian,황가희,비비,12/9/1996,LOONA,Hong Kong,0,0,Hong Kong,F,
585,Minjae,Shin Minjae,신민재,민재,8/13/1991,Tahiti,South Korea,0,0,Busan,F,
586,Miso,Park Miso,박미소,미소,4/4/1991,Tahiti,South Korea,0,0,Gwangju,F,
587,Jerrry,Ahn Sohyun,안소현,제리,8/27/1992,Tahiti,South Korea,0,0,Seoul,F,
588,Jisoo,Shin Jisoo,신지수,지수,2/28/1994,Tahiti,South Korea,0,0,Chuncheon,F,
589,Ari,Kim Sunyoung,김선영,아리,10/23/1994,Tahiti,South Korea,0,0,Daegu,F,
590,Sihyun,Park Sihyun,박시현,시현,11/29/1986,SPICA,South Korea,0,0,,F,
591,Boa,Kim Boah,김보아,보아,1/14/1987,KEEMBO,South Korea,0,0,,F,
592,Narae,Park Narae,박나래,나래,2/23/1988,SPICA,South Korea,0,0,Incheon,F,
593,Jiwon,Yang Jiwon,양지원,지원,4/5/1988,UNI.T,South Korea,0,0,Seoul,F,
594,Bohyung,Kim Bohyung,김보형,보형,3/31/1991,KEEMBO,South Korea,0,0,,F,
595,Gayoung,Kim Gayoung,김가영,가영,12/2/1991,Stellar,South Korea,0,0,Seoul,F,
596,Minhee,Joo Minhee,주민희,민희,1/3/1993,Stellar,South Korea,0,0,Seoul,F,
597,Hyeoeun,Lee Hyoeun,이효은,효은,3/16/1993,Stellar,South Korea,0,0,Seoul,F,
598,Jeonyul,Jeon Yuri,전유리,전율,3/20/1994,Stellar,South Korea,0,0,Seoul,F,
599,Jiyou,Im Changsook,임창숙,지유,6/15/1989,Two X,South Korea,0,0,,F,
600,Eun,Choi Eunmi,최은미,은,5/14/1990,Two X,South Korea,0,0,,F,
601,Surin,Kim Surin,김수린,수린,12/27/1991,Two X,South Korea,0,0,,F,
602,Eunyoung,Joo Eunyoung,주은영,은영,6/12/1992,Two X,South Korea,0,0,,F,
603,Nari,Kim Nari,김나리,나리,10/5/1992,Wassup,South Korea,0,0,,F,
604,Jiae,Kim Jiae,김지애,지애,10/31/1995,Wassup,South Korea,0,0,,F,
605,Sujin,Bang Sujin,방수진,수진,6/26/1996,Wassup,South Korea,0,0,,F,
606,Woojoo,Kim Woojoo,김우주,우주,8/12/1996,Wassup,South Korea,0,0,,F,
607,Jinju,Park Jinju,박진주,진주,4/28/1990,,South Korea,0,0,,F,
608,Dain,Song Jieun,송지은,다인,6/25/1990,,South Korea,0,0,,F,
609,Nada,Yoon Yejin,윤예진,나다,5/24/1991,,South Korea,0,0,,F,
658,Jueun,Lee Jooeun,이주은,주은,7/7/1995,DIA,South Korea,0,0,Suwon,F,
659,Somyi,Ahn Somyi,안솜이,솜이,1/26/2000,DIA,South Korea,0,0,Changwon,F,
660,Daisy,Yoo Jeongahn,유정안,데이지,1/22/1999,,South Korea,0,0,Seoul,F,
661,Taeha,Kim Taeha,김태하,태하,6/3/1998,,South Korea,0,0,Jeonju,F,
674,Suyeon,Ji Suyeon,지수연,수연,4/20/1997,Weki Meki,South Korea,0,0,,F,
675,Elly,Jung Haerim,정해림,엘리,7/20/1998,Weki Meki,South Korea,0,0,,F,
676,Sei,Lee Seojung,이서정,세이,1/7/2000,Weki Meki,South Korea,0,0,,F,
677,Lua,Kim Sookyung,김수경,루아,10/6/2000,Weki Meki,South Korea,0,0,,F,
678,Rina,Kang Soeun,강소은,리나,9/27/2001,Weki Meki,South Korea,0,0,,F,
679,Lucy,Noh Hyojung,노효정,루시,8/31/2002,Weki Meki,South Korea,0,0,Goyang,F,
681,Kim Lip,Kim Jungeun,김정은,김립,2/10/1999,LOONA,South Korea,0,0,,F,
682,JinSoul,Jung Jinsol,정진솔,진솔,6/13/1997,LOONA,South Korea,0,0,,F,
683,Choerry,Choi Yerim,최예림,최리,6/4/2001,LOONA,South Korea,0,0,,F,
684,Do-A,Choi Yuna,최윤아,도아,2/2/1999,ALICE,South Korea,0,0,,F,
685,Yeonje,Yang Yeonje,양연제,혜성,10/15/1999,ALICE,South Korea,0,0,,F,
686,Yukyung,Lee Yukyung,이유경,유경,11/5/1999,ALICE,South Korea,0,0,,F,
687,Sohee,Kim Sohee,김소희,소희,12/31/1999,ALICE,South Korea,0,0,,F,
688,Karin,Min Karin,민가린,가린,1/5/2002,ALICE,South Korea,0,0,,F,
689,Rui,Watanabe Rui,와타나베 루이,루이,10/8/1994,H.U.B,Japan,0,0,,F,
690,Gracie,Kim Gaeun,김가운,그레이시,10/28/1996,H.U.B,South Korea,0,0,,F,i.m_gracie
691,Yuem,Park Subin,박수빈,유음,12/25/1996,H.U.B,South Korea,0,0,,F,
692,Hyosun,Lim Hyosun,임효선,효선,7/10/1998,H.U.B,South Korea,170,54,,F,
693,Keina,Lee Yoona,이유나,케이나,2/12/1999,H.U.B,South Korea,0,0,,F,
694,Hyunseo,Go Hyunseo,고현서,현서,6/17/1999,,South Korea,0,0,,F,
695,Shinyoung,Park Shinyoung,박신영,신영,3/19/2000,G-reyish,South Korea,0,0,,F,
696,Yena,Jeong Yena,정예나,예나,4/10/2000,G-reyish,South Korea,0,0,,F,
697,Yeso,Lee Yeso,이예소,예소,11/13/2001,G-reyish,South Korea,0,0,,F,
698,Haeri,Jung Haeri,정해리,해리,1/14/1997,P.O.P,South Korea,0,0,Seoul,F,
699,Ahyung,Kang Ahyoung,강아형,아형,8/27/1996,P.O.P,South Korea,0,0,Pohang,F,
700,Miso,Park Jihyun,박지현,미소,9/16/1996,P.O.P,South Korea,0,0,Busan,F,
701,Seol,Min Jihye,민지혜,설,1/1/1997,P.O.P,South Korea,0,0,Gunsan,F,
702,Yeonjoo,Song Yeonjoo,정연주,연주,6/26/1997,P.O.P,South Korea,0,0,Ansan,F,
703,Yeonha,Ahn Yeonji,안연지,연하,5/19/2000,P.O.P,South Korea,0,0,Yeondong,F,
725,Heejin,Song Heejin,송희진,희진,8/19/1995,Good Day,South Korea,0,0,Seoul,F,
726,Green,Kim Jiwon,김지원,지니,7/1/1997,RedSquare,South Korea,0,0,Daegu,F,
727,Chaea,Kim Chaeyoung,김채영,체리,7/5/1997,RedSquare,South Korea,0,0,Gunsan,F,
728,Chaesol,Maeng Chaesol,맹채솔,채솔,7/14/1998,Cignature,South Korea,0,0,Yeosu,F,
729,Ari,Hwang Nayoon,황나윤,아리,3/30/1999,RedSquare,South Korea,0,0,Seoul,F,
730,Jeewon,Kim Jiwon,김지원,지원,4/1/1999,Cignature,South Korea,0,0,Busan,F,
731,Yeah,Kim Haeun,김하은,예아,10/9/1999,,South Korea,0,0,Gongju,F,
732,Sunn,Hwang Jiwon,황지원,선,2/7/2000,,South Korea,0,0,Jincheon,F,
733,Bomin,Kim Bomin,김보민,보민,9/24/2001,RedSquare,South Korea,0,0,Gwangju,F,
734,Belle,Jin Hyeonjoo,진현주,벨,11/3/2001,Cignature,South Korea,0,0,Goyang,F,
735,Jiyoung,Ahn Jiyoung,안지영,지영,9/14/1995,Bolbbalgan4,South Korea,0,0,Yeongju,F,
736,Jiyoon,Woo Jiyoon,우지윤,지윤,1/6/1996,Bolbbalgan4,South Korea,0,0,Yeongju,F,
783,Dayeon,Hwang Da Kyeon,황연경,다연,11/17/1995,XUM,South Korea,0,0,,F,sunghyuk_seo
784,Hajeong,Lee Hajeong,이하정,하정,9/23/1997,,South Korea,0,0,,F,sunghyuk_seo
785,Baekah,Kim Sua,김수아,백아,10/24/1999,XUM,South Korea,0,0,,F,sunghyuk_seo
786,Arang,Son Mnjung,손민정,아랑,3/8/2000,,South Korea,0,0,,F,sunghyuk_seo
787,Iaan,Yoo Dongju,유동주,이안,3/22/2002,XUM,South Korea,0,0,,F,sunghyuk_seo
788,Eunjin,Ma Eunjin,마은진,은진,5/23/1997,Playback,South Korea,165,49,Wonju,F,sunghyuk_seo
789,Yves,Ha Sooyoung,하수영,이브,5/24/1997,LOONA,South Korea,0,0,,F,
790,Haeyeon,Lee Taeyeon,이태연,해연,1/11/1994,Gate9,South Korea,161,0,,F,ha2y2on_gnine
791,Yeori,Kim Soyeon,김소연,여리,5/30/1994,Gate9,South Korea,164,0,Seoul,F,yeori_g9
792,Haru,Han Sangsook,한상숙,하루,7/6/1994,Gate9,South Korea,160,0,Bucheon,F,hanharuuu
793,Kady,Gu Dokyoung,구도경,케이디,4/7/1995,Gate9,South Korea,168,0,Busan,F,kady_g9
794,Gaga,Lee Soobin,이수빈,가가,11/10/1994,Gate9,South Korea,164,0,,F,gagag9
795,Juju,Park Juyoung,박주영,쥬쥬,1/3/1996,Gate9,South Korea,168,0,Changwon,F,baby.juju_0
796,Taera,Lee Yujin,이유진,태라,4/12/1994,Gate9,South Korea,161,0,Incheon,F,taera9nine
797,Yoon,Ji Hayoon,지하윤,윤,7/8/1997,Gate9,South Korea,162,0,Busan,F,queenyunista
798,Vivian,Park Sunghee,박성희,비비안,12/8/1998,Gate9,South Korea,0,0,,F,vivian__g9
801,Chuu,Kim Jiwoo,김지우,츄,10/20/1999,LOONA,South Korea,0,0,Cheongju,F,
802,Gowon,Park Chaewon,박채원,고원,11/19/2000,LOONA,South Korea,0,0,,F,
803,Saerom,Lee Saerom,이새롬,새롬,1/7/1997,fromis_9,South Korea,0,0,Gangwon,F,
804,Hayoung,Song Hayoung,송하영,하영,9/29/1997,fromis_9,South Korea,0,0,Gwangju,F,
805,Gyuri,Jang Gyuri,장규리,규리,12/27/1997,,South Korea,0,0,Seoul,F,
806,Jiwon,Park Jiwon,박지원,지원,3/20/1998,fromis_9,South Korea,0,0,Busan,F,
807,Jisun,Roh Jisun,노지선,지선,11/23/1998,fromis_9,South Korea,0,0,Seoul,F,
808,Seoyeon,Lee Seoyeon,이서연,서연,1/22/2000,fromis_9,South Korea,0,0,Seoul,F,
809,Chaeyoung,Lee Chaeyoung,이채영,채영,5/14/2000,fromis_9,South Korea,0,0,Pohang,F,
810,Nakyung,Lee Nakyung,이나경,나경,6/1/2000,fromis_9,South Korea,159,42,Mungyeong,F,
811,Jiheon,Baek Jiheon,백지헌,지헌,4/17/2003,fromis_9,South Korea,0,0,Jeolla,F,
818,Xeheun,Lee Seheun,이세흔,세흔,7/11/1999,Girlkind,South Korea,0,162,,F,
819,Medic Jin,Bae Yujin,배유진,메딕진,8/25/1996,Girlkind,South Korea,0,167,,F,
820,JK,Kim Jikang,김지강,지강,3/17/1998,Girlkind,South Korea,0,161,,F,
821,Sun J,Jeon Heesun,전희선,썬제이,2/13/2001,Girlkind,South Korea,0,165,,F,
822,Ellyn,Bang Sunhee,방선희,엘린,10/19/2002,Girlkind,South Korea,0,170,,F,
838,Haena,Lee Haena,이해나,해나,6/2/1991,Matilda,South Korea,0,165,,F,
839,Dan-a,Park Seungyeon,박승연,단아,6/26/1993,Matilda,South Korea,0,160,,F,
840,Semmi,Oh Heesun,오희선,세미,10/22/1995,Matilda,South Korea,0,165,,F,
841,Saebyeol,Han Saebyeol,한새별,새별,5/23/1996,Matilda,South Korea,0,168,,F,
842,Yua,Mikami Yua,미카미 유아,유아,8/16/1993,Honey Popcorn,Japan,0,0,,F,
843,Miko,Matsuda Miko,마츠다 미코,미코,10/28/1995,Honey Popcorn,Japan,0,0,,F,
844,Moko,Sakura Moko,사쿠라 모코,모코,3/19/1991,Honey Popcorn,Japan,0,0,,F,
869,Olivia Hye,Son Hyeju,손혜주,올리비아 혜,11/13/2001,LOONA,South Korea,0,0,,F,
871,Kriesha Chu,Kriesha Ziskind Teo Tiu,크리샤 지스킨드 테오 티우,크리샤 츄,12/20/1998,,Philippines,0,0,Cebu,F,
872,JOO,Jung Minjoo,정민주,주,10/11/1990,,South Korea,0,0,Seoul,F,
873,Miyeon,Jo Miyeon,조미연,미연,1/31/1997,(G)I-DLE,South Korea,0,0,,F,
874,Minnie,Nicha Yontararak,니차 욘타라락,민니,10/23/1997,(G)I-DLE,Thailand,0,0,,F,
875,Soyeon,Jeon Soyeon,전소연,소연,8/26/1998,(G)I-DLE,South Korea,157,42,,F,
876,Soojin,Seo Soojin,서수진,수진,3/9/1998,,South Korea,0,0,,F,
877,Yuqi,Song Yuqi,송우기,우기,9/23/1999,(G)I-DLE,China,162,48,Beijing,F,
878,Shuhua,Yeh Shuhua,예슈화,슈화,1/6/2000,(G)I-DLE,Taiwan,161,45,,F,
879,NC.A,Im Soeun,임소은,앤씨아,10/7/1996,UNI.T,South Korea,0,0,Osan,F,
880,Suji,Lee Suji,이수지,수지,3/20/1998,UNI.T,South Korea,0,0,Busan,F,
881,Yoonjo,Shin Yoonjo,신윤조,윤조,12/14/1992,UNI.T,South Korea,0,0,Seoul,F,
882,May,Jeong Chaeyoung,정채영,메이,7/27/2001,,South Korea,0,0,,F,
883,Terry,Han Dasom,한다솜,테리,2/2/1998,,South Korea,0,0,,F,
891,Minji,Kim Minji,김민지,민지,1/16/2001,Busters,South Korea,0,0,,F,
892,Minjung,Cha Minjung,차민정,민정,7/15/2004,,South Korea,0,0,,F,
893,Jisoo,Jung Jisoo,정지수,지수,11/22/2003,Busters,South Korea,0,0,,F,
894,Chaeyeon,Kim Chaeyeon,김채연,채연,12/4/2004,tripleS,South Korea,0,0,,F,
895,Hyungseo,Myeong Hyeongseo,명형서,형서,6/25/2001,CLASS:y,South Korea,160,44,,F,
896,Eunjin,Moon Eunjin,문은진,은진,11/5/1998,Highteen,South Korea,0,0,,F,
897,Hyejoo,Park Hyunjoo,박현주,혜주,1/12/1999,Highteen,South Korea,0,0,,F,
898,Hyebin,Im Hyebin,임혜빈,혜빈,11/10/1999,Highteen,South Korea,0,0,,F,
899,Sea,Kim Sujeong,김수정,세아,12/5/1999,Highteen,South Korea,0,0,,F,
920,Miya,Miyauchi Haruka,미야우치 하루카,미야,5/26/1993,GWSN,Japan,0,0,,F,
921,Seokyoung,Kim Seokyung,김서경,서경,4/16/1999,GWSN,South Korea,0,0,,F,
922,Seoryoung,Lee Seoryung,이서령,서령,1/26/2000,GWSN,South Korea,0,0,,F,
923,Anne,Lee Seoyoung,이서영,앤,10/17/2000,GWSN,South Korea,0,0,,F,
924,Minju,Kang Minjoo,강민주,민주,3/11/2001,GWSN,South Korea,0,0,,F,
925,Soso,Wang Chingyi,왕징이,소소,3/14/2001,GWSN,Taiwan,0,0,,F,
926,Lena,Kang Rena,강레나,레나,4/17/2002,GWSN,South Korea,0,0,,F,
927,Saebom,Kim Saerok,김새록,새봄,1/30/1997,NATURE,South Korea,0,0,,F,
928,Aurora,Yang Lan,양안,오로라,1/14/1997,NATURE,China,0,0,,F,
929,Lu,Im Hayoung,임하영,루,12/3/1997,NATURE,South Korea,0,0,,F,
930,Chaebin,Choi Yoobin,최유빈,채빈,7/28/1999,NATURE,South Korea,0,0,,F,
931,Gaga,Li Jia Jia,리 지아 지아,가가,9/1/1999,,China,0,0,,F,
932,Haru,Abe Haruno,아베 하루노,하루,2/21/2000,NATURE,Japan,0,0,,F,
933,Uchae,Yu Hyejun,유혜준,유채,5/7/2002,NATURE,South Korea,0,0,,F,
934,Sunshine,Kim Minjung,김민정,선샤인,6/20/2002,NATURE,South Korea,0,0,,F,
935,Jisun,Hwang Jisun,황지선,지선,10/17/1989,S#aFLA,South Korea,165,46,,F,
936,Suhyeon,Kim Seunghyun,김승현,수현,4/19/1988,S#aFLA,South Korea,0,0,,F,
937,Seulgi,Jeong Seulgi,정슬기,슬기,5/12/1990,S#aFLA,South Korea,0,0,,F,
938,Yujin,Jeong Yujin,정유진,유진,10/23/1989,S#aFLA,South Korea,0,0,,F,
939,Eunbi,Kwon Eunbi,권은비,은비,9/27/1995,IZ*ONE,South Korea,0,0,Seoul,F,
940,Sakura,Miyawaki Sakura,미야와키 사쿠라,사쿠라,3/19/1998,LE SSERAFIM,Japan,0,0,Kagoshima,F,
941,Hyewon,Kang Hyewon,강혜원,혜원,7/5/1999,IZ*ONE,South Korea,0,0,Yangsan,F,
942,Yena,Choi Yena,최예나,예나,9/29/1999,IZ*ONE,South Korea,0,0,Seoul,F,
943,Chaeyeon,Lee Chaeyeon,이채연,채연,1/11/2000,IZ*ONE,South Korea,0,0,Yongin,F,
944,Chaewon,Kim Chaewon,김채원,채원,8/1/2000,LE SSERAFIM,South Korea,0,0,Seoul,F,
945,Minjoo,Kim Minjoo,김민주,민주,2/5/2001,IZ*ONE,South Korea,0,0,Seoul,F,
946,Nako,Yabuki Nako,야부키 나코,나코,6/18/2001,IZ*ONE,Japan,0,0,Tokyo,F,
947,Hitomi,Honda Hitomi,혼다 히토미,히토미,10/6/2001,IZ*ONE,Japan,0,0,Toghichi,F,
948,Yuri,Jo Yuri,조유리,유리,10/22/2001,IZ*ONE,South Korea,0,0,Busan,F,
949,Yujin,Ahn Yujin,안유진,유진,9/1/2003,IVE,South Korea,0,0,Cheongju,F,
950,Wonyoung,Jang Wonyoung,장원영,원영,8/31/2004,IVE,South Korea,0,0,Seoul,F,
958,Haeyoon,Park Haeyoon,박해윤,해윤,1/10/1996,Cherry Bullet,South Korea,157,43,,F,
959,Yuju,Choi Yuju,최유주,유주,3/5/1997,Cherry Bullet,South Korea,0,0,,F,
960,Ella,Kim Kyungjoo,김경주,엘라,3/26/1998,Pixy,South Korea,0,0,,F,
961,Bora,Kim Bora,김보라,보라,3/3/1999,Cherry Bullet,South Korea,0,0,,F,
962,Jiwon,Heo Jiwon,허지원,지원,9/4/2000,Cherry Bullet,South Korea,0,0,,F,
963,Kokoro,Kato Kokoro,카토 코코로,코코로,11/1/2000,,Japan,0,0,,F,
964,Remi,Katsuno Rise,카츠노 리세,레미,4/26/2001,Cherry Bullet,Japan,0,0,,F,
965,Chaerin,Park Chaerin,박채린,채린,3/13/2002,Cherry Bullet,South Korea,0,0,,F,
966,May,Hirokawa Mao,히로카와 마오,메이,11/16/2004,Cherry Bullet,Japan,0,0,,F,
967,Lin Lin,Huang Ziting,황자정,린린,7/5/2003,,Taiwan,0,0,,F,
994,Yerim,Jeong Yerim,정예림,예림,3/10/1997,Purplebeck,South Korea,165,44,,F,
995,Yeowool,Ha Yeowool,하여울,여울,4/11/1998,Purplebeck,South Korea,163,46,,F,
996,Layeon,Lee Jimin,이지민,라연,8/13/1998,Purplebeck,South Korea,170,51,,F,
997,Mini,,,민이,6/12/2000,Purplebeck,South Korea,168,47,,F,
998,Seyeon,Park Seyeon,박세연,세연,5/6/2001,Purplebeck,South Korea,167,46,,F,
999,Yeji,Hwang Yeji,황예지,예지,5/26/2000,ITZY,South Korea,0,0,Seoul,F,
1000,Lia,Choi Jisu,최지수,리아,7/21/2000,ITZY,South Korea,0,0,Incheon,F,
1001,Ryujin,Shin Ryujin,신류진,류진,4/17/2001,ITZY,South Korea,0,0,Seoul,F,
1002,Chaeryeong,Lee Chaeryeong,이채령,채령,6/5/2001,ITZY,South Korea,0,0,Yongin,F,
1003,Yuna,Shin Yuna,신유나,유나,12/9/2003,ITZY,South Korea,0,0,Suwon,F,
1018,Youi,Kim Jihyeo,유아이,유아이,4/24/2000,Dreamnote,South Korea,163,45,,F,
1019,Boni,Choi Euijeong,최의정,보니,10/30/1999,Dreamnote,South Korea,160,45,,F,
1020,Lara,Moon Shinae,문신애,라라,8/9/2000,Dreamnote,South Korea,161,44,,F,
1021,Miso,Jeon Jimin,전지민,미소,10/25/2000,Dreamnote,South Korea,160,43,,F,
1022,Sumin,Park Sumin,박수민,수민,9/9/2001,Dreamnote,South Korea,166,46,,F,
1023,Eunjo,Park Eunjo,박은조,은조,3/7/2002,Dreamnote,South Korea,164,46,,F,
1024,Habin,Yoo Habin,유하빈,하빈,3/10/2002,,South Korea,165,48,,F,
1025,Hanbyeol,Ahn Hanbyeol,안한별,한별,10/13/2003,,South Korea,166,44,,F,
1026,Gaeul,Park Gaeul,박가을,가을,5/8/1999,Favorite,South Korea,164,48,Seoul,F,
1027,Saebom,Kim Seyoung,김세영,새봄,1/13/1995,Favorite,South Korea,0,0,Gwacheon,F,
1028,Seoyeon,Kim Minju,김민주,서연,11/26/1995,Favorite,South Korea,0,0,Gwacheon,F,
1029,Sugyeong,Jo Sugyeong,조수경,수경,1/12/2000,Favorite,South Korea,0,0,Haenam,F,
1030,Jeonghee,Go Jeonghee,고정희,정희,3/11/2000,Favorite,South Korea,0,0,Incheon,F,
1031,Ahra,Go Ahra,고아라,아라,2/21/2001,Favorite,South Korea,0,0,Yeosu,F,
1032,Dohee,Yoon Dohee,윤도희,도희,9/24/1999,,South Korea,0,0,,F,
1033,E:U,Park Jiwon,박지원,이유,5/19/1998,Everglow,South Korea,0,0,,F,
1034,Sihyeon,Kim Sihyeon,김시현,시현,8/5/1999,Everglow,South Korea,168,51,,F,
1035,Mia,Han Eunji,한은지,미아,1/13/2000,Everglow,South Korea,0,0,,F,
1036,Onda,Jo Selim,조세림,온다,5/18/2000,Everglow,South Korea,0,0,,F,
1037,Aisha,Heo Yoorim,허유림,아샤,7/21/2000,Everglow,South Korea,0,0,,F,
1038,Yiren,Wang Yiren,왕이런,이런,12/29/2000,Everglow,China,0,0,,F,
1094,Hyunji,Kim Hyunji,김현지,현지,6/30/1992,Hashtag,South Korea,165,0,,F,
1095,Sua,Yang Sua,양수아,수아,3/24/1995,Hashtag,South Korea,169,0,Gwangju,F,
1096,Dajeong,Kim Dajeong,김다정,다정,8/8/1995,Hashtag,South Korea,170,0,Gwangju,F,
1097,Seungmin,Lee Seungmin,이승민,승민,2/3/1996,Hashtag,South Korea,162,0,,F,
1098,Subin,Oh Subin,오수빈,수빈,9/30/1998,Hashtag,South Korea,172,0,,F,
1099,Sojin,Hong Sojin,홍소진,소진,9/24/1999,Hashtag,South Korea,163,0,,F,
1100,Aeji,Kwon Aeji,권애지,애지,10/25/1999,Hashtag,South Korea,163,0,Daegu,F,
1101,Yiyeon,Jung Dasol,정다솔,이연,5/28/1995,BVNDIT,South Korea,0,0,,F,
1102,Songhee,Yoon Songhee,윤송희,송희,11/8/1998,BVNDIT,South Korea,0,0,,F,
1103,Jungwoo,Uhm Jungwoo,엄정우,정우,4/2/1999,BVNDIT,South Korea,0,0,,F,
1104,Simyeong,Lee Simyeong,이시명,시명,5/27/1999,BVNDIT,South Korea,0,0,,F,
1105,Seungeun,Shim Seungeun,심승은,승은,12/27/2000,BVNDIT,South Korea,0,0,,F,
1120,Cheongeum,Jang Cheongeum,장청음,청음,6/19/1996,Ho1iday,South Korea,0,0,,F,
1121,Saebyeok,Shim Jaeyoung,심재영,새벽,11/9/1996,Ho1iday,South Korea,0,0,,F,
1122,Heejoo,Jeon Heejoo,전희주,희주,11/30/1996,Ho1iday,South Korea,0,0,,F,
1123,Haru,Lee Yoojeong,이유정,하루,2/26/1997,Ho1iday,South Korea,164,0,,F,
1124,Dany,Jeon Eunji,전은지,다니,1/20/1998,Ho1iday,South Korea,0,0,,F,
1146,Yoonji,,,윤지,7/21/1998,Lusty,South Korea,163,45,,F,
1147,Harin,,,하린,11/21/1995,Lusty,South Korea,160,43,Seoul,F,
1148,Jinhui,,,진희,11/21/1996,Lusty,South Korea,160,42,Seongnam,F,
1149,Isol,,,이솔,5/1/1997,Lusty,South Korea,166,48,Seoul,F,
1150,Yeryung,,,예령,6/22/2002,Lusty,South Korea,169,49,Busan,F,
1168,Juri,Takahashi Juri,타카하시 쥬리,쥬리,10/3/1997,Rocket Punch,Japan,160,44,,F,
1169,Yeonhee,Kim Yeonhee,김연희,연희,12/6/2000,Rocket Punch,South Korea,161,0,,F,
1170,Suyun,Kim Suyun,김수윤,수윤,3/17/2001,Rocket Punch,South Korea,169,52,,F,
1171,Yunkyung,Seo Yunkyung,서윤경,윤경,11/1/2001,Rocket Punch,South Korea,161,0,,F,
1172,Sohee,Kim Sohee,김소희,소희,8/14/2003,Rocket Punch,South Korea,161,46,,F,
1173,Dahyun,Jeong Dahyun,정다현,다현,4/29/2005,Rocket Punch,South Korea,160,0,,F,
1174,Yeseo,Kang Yeseo,강예서,예서,8/22/2005,Kep1er,South Korea,157,0,,F,
1192,Aini,Kim Heejung,김희정,아이니,7/13/1991,,South Korea,163,44,,F,
1193,Seea,Kang Eunyoung,강은영,시아,8/21/1994,Pink Fantasy,South Korea,160,43,,F,
1194,Yechan,Kim Yechan,김예찬,예찬,11/26/1995,Pink Fantasy,South Korea,159,45,,F,
1195,Daewang Nim,Daewang Nim,대왕님,대왕님,4/8/1996,Pink Fantasy,South Korea,162,49,,F,
1196,Sanga,Lee Sanga,이상아,상아,8/5/1999,,South Korea,165,0,,F,
1197,Yubin,Cho Yubin,조유빈,유빈,10/9/1999,,South Korea,156,40,,F,
1198,Harin,Park Guenhye,박근혜,하린,5/26/2000,Pink Fantasy,South Korea,164,48,,F,
1199,Arang,Park Yerim,박예림,아랑,1/22/2001,Pink Fantasy,South Korea,167,49,,F,
1200,Heesun,Park Heesun,박희선,희선,1/25/2005,Pink Fantasy,South Korea,162,45,,F,
1201,Lina,Oh Sejin,오세진,리나,7/27/1997,ANS,South Korea,0,0,,F,
1202,Royeon,Jeon Hyunjoo,전현주,로연,2/20/1998,ANS,South Korea,0,0,,F,
1203,Dalyn,Lee Sohyun,이소현,달린,8/27/1999,ANS,South Korea,0,0,,F,
1204,Raon,Lee Seoyoung,이서영,라온,1/21/2000,ANS,South Korea,0,0,,F,
1205,Bian,Yu Jiwon,유지원,비안,2/13/2001,MAJORS,South Korea,0,0,,F,
1206,Dami,Hong Dayoung,홍다영,담이,6/7/2001,ANS,South Korea,0,0,,F,
1207,Doi,Kim Doi,김도이,도이,4/12/1994,FANATICS,South Korea,170,0,,F,
1208,Sika,Ren Shika,렌 시카,시카,8/22/1995,,China,165,0,,F,
1209,Chaelin,Lee Chaelin,이채린,채린,10/20/1999,FANATICS,South Korea,162,47,,F,
1210,Chiayi,Li Chiayi,지아이,지아이,1/22/2000,FANATICS,Taiwan,164,0,,F,
1211,Yoonhye,Jung Yoonhye,정윤혜,윤혜,10/4/2001,FANATICS,South Korea,173,0,,F,
1212,Doah,Kim Doah,김도아,도아,12/4/2003,FANATICS,South Korea,163,42,,F,
1213,Loha,Kang Yejin,강예진,로하,12/27/2001,Nature,South Korea,171,0,,F,
1214,Yunji,Kim Yunji,김윤지,윤지,8/26/1996,ARIAZ,South Korea,0,0,,F,
1215,Dawon,Lee Dawon,이다원,다원,12/2/1996,ARIAZ,South Korea,0,0,,F,
1216,Sihyeon,Kang Sihyeon,강시현,시현,7/15/1998,ARIAZ,South Korea,0,0,,F,
1217,Yeori,Choi Yeori,최여리,여리,9/8/1999,ARIAZ,South Korea,0,0,,F,
1218,Hyogyeong,Jang Hyogyeong,장효경,효경,11/15/1999,ARIAZ,South Korea,0,0,,F,
1219,Jueun,Jo Jueun,조주은,주은,1/27/2001,ARIAZ,South Korea,0,0,,F,
1220,Yurim,Park Yurim,박유림,유림,4/13/1998,3YE,South Korea,164,0,,F,
1221,Yuji,Son Yuji,손유지,유지,11/25/1998,3YE,South Korea,160,45,,F,
1222,Haeun,Yoon Haeun,윤하은,하은,3/12/1999,3YE,South Korea,163,0,,F,
1229,J,Lee Yeji,이예지,제이,2/12/1998,ANS,South Korea,0,0,,F,
1230,Haena,Jeon Eunbi,전은비,해나,2/19/2002,ANS,South Korea,0,0,,F,
1231,Kiara,Baek Jinjoo,백진주,키아라,8/20/1998,,South Korea,0,0,,F,
1232,Semi,Gu Semi,구세미,세미,4/10/2002,Cignature,South Korea,166,46,,F,
1233,Seline,Jung Yeonjeong,정연정,셀린,6/20/2000,Cignature,South Korea,0,0,,F,
1234,Bada,Kim Bada,김바다,바다,5/28/2002,Hinapia,South Korea,162,49,,F,
1244,AleXa,Kim Seri,김세리,알렉사,12/6/1996,,USA,0,0,,F,
1252,Della,Park Sehyun,박세현,델라,9/3/1995,Rockit Girl,South Korea,0,0,,F,
1253,Han Leeseul,Han Jiyoon,한지윤,한이슬,2/12/2000,Rockit Girl,South Korea,0,0,,F,
1272,BIBI,Kim Hyungseo,김형서,비비,9/27/1998,,South Korea,0,0,,F,
1285,Woo-ah,Kim Chaewon,김채원,우아,6/20/1997,CRAXY,South Korea,0,0,,F,
1286,Karin,Baek Yerin,백예린,카린,4/23/2000,CRAXY,South Korea,0,0,,F,
1287,Hyejin,Kang Hyejin,강혜진,혜진,7/13/2000,CRAXY,South Korea,0,0,,F,
1288,Swan,Kim Suan,김수안,수안,12/28/2000,CRAXY,South Korea,0,0,,F,
1289,ChaeY,Song Chaeyeon,송채연,채이,1/6/2003,CRAXY,South Korea,0,0,,F,
1290,Lina,Oh Hyesoo,오혜수,리나,5/23/1997,RedSquare,South Korea,0,0,,F,
1291,Nana,Kwon Nayeon,권나연,나나,3/9/2001,woo!ah!,South Korea,0,0,,F,
1292,Wooyeon,Park Jinkyung,박진경,우연,2/11/2003,woo!ah!,South Korea,0,0,,F,
1293,Sora,Sakata Sora,사카타 소라,소라,8/30/2003,woo!ah!,Japan,0,0,,F,
1294,Lucy,Kim Daeun,김대은,루시,4/9/2004,woo!ah!,South Korea,0,0,,F,
1295,Minseo,Kim Minseo,김민서,민서,8/12/2004,woo!ah!,South Korea,0,0,,F,
1296,Songyee,Park Songyee,박송이,송이,9/25/2004,,South Korea,0,0,,F,
1297,Lea,Ogawa Mizuki,오가와 미즈키,레아,8/12/1995,SECRET NUMBER,Japan,169,0,Tokyo,F,
1298,Dita,Dita Karang,디타 가랑,디타,12/25/1996,SECRET NUMBER,Indonesia,0,0,Yogyakarta,F,
1299,Jinny,Park Jinhee,박진희,지니,1/19/1998,SECRET NUMBER,South Korea,0,0,California,F,
1300,Soodam,Lee Soodam,이수담,수담,11/9/1999,SECRET NUMBER,South Korea,0,0,,F,
1301,Denise,Kim Denise,김데니스,데니스,1/11/2001,SECRET NUMBER,South Korea,0,0,,F,
1302,Soojin,Lee Soojin,이수진,수진,12/12/2001,Weeekly,South Korea,165,0,,F,
1303,Jiyoon,Shin Jiyoon,신지윤,지윤,3/2/2002,,South Korea,0,0,,F,
1304,Monday,Kim Jimin,김지민,먼데이,5/10/2002,Weeekly,South Korea,172,0,,F,
1305,Soeun,Park Soeun,박소은,소은,10/26/2002,Weeekly,South Korea,168,0,,F,
1306,Jaehee,Lee Jaehee,이재희,재희,3/18/2004,Weeekly,South Korea,166,0,,F,
1307,Jihan,Han Jihyo,한지효,지한,7/12/2004,Weeekly,South Korea,0,0,,F,
1308,Zoa,Cho Hyewon,조혜원,조아,5/31/2005,Weeekly,South Korea,170,0,,F,
1310,Areum,Kim Daun,김다운,아름,1/31/1998,AREAL,South Korea,0,0,,F,
1311,Hyebin,Kim Hyebin,김혜빈,혜빈,3/29/1997,AREAL,South Korea,0,0,,F,
1312,Segye,Shin Segye,신세계,세계,8/19/1998,AREAL,South Korea,0,0,,F,
1313,Dabi,Park Jiwon,박지원,다비,1/19/2000,AREAL,South Korea,0,0,,F,
1314,Eyedi,Nam Yujin,남유진,아이디,12/8/1995,,South Korea,0,0,,F,
1328,Haneul,Choi Haneul,최하늘,하늘,11/28/2000,Saturday,South Korea,158,43,,F,
1329,Juyeon,Lee Juyeon,이주연,주연,11/6/2001,Saturday,South Korea,164,44,,F,
1330,Yuki,Lim Jiyeon,임지연,유키,1/30/2002,Saturday,South Korea,161,44,,F,
1331,Ayeon,Son Minji,손민지,아연,9/29/2002,Saturday,South Korea,162,47,,F,
1332,Minseo,Park Minseo,박민서,민서,3/21/2003,Saturday,South Korea,163,45,,F,
1333,Jieun,Park Jieun,박지은,지은,9/4/1997,Purple Kiss,South Korea,166,49,,F,
1334,Goeun,Na Goeun,나고은,고은,9/3/1999,Purple Kiss,South Korea,160,44,,F,
1335,Dosie,Jang Eunseung,장은성,도시,2/11/2000,Purple Kiss,South Korea,0,0,,F,
1336,Ireh,Cho Seoyoung,조서영,이레,4/30/2002,Purple Kiss,South Korea,0,0,,F,
1337,Yuki,Mori Koyuki,모리 코유키,유키,11/6/2002,Purple Kiss,Japan,0,0,,F,
1338,Chaein,Lee Chaeyoung,이채영,채인,12/5/2002,Purple Kiss,South Korea,0,0,,F,
1339,Swan,Park Soojin,박수진,수안,7/11/2003,Purple Kiss,South Korea,0,0,,F,
1340,EunB,Shin Eunbi,신은비,은비,9/17/2000,Maka Maka,South Korea,0,0,,F,
1341,Heesu,Kim Heesu,김희수,희수,3/24/1998,Maka Maka,South Korea,0,0,,F,
1342,Daseul,Yang Daseul,양다슬,다슬,9/14/2000,Maka Maka,South Korea,0,0,,F,
1343,Chaewon,Lee Chaewon,이채원,채원,3/18/2000,Maka Maka,South Korea,0,0,,F,
1344,Dia,Kwak Minnyeong,곽민녕,디아,9/3/1999,Maka Maka,South Korea,0,0,,F,
1380,EunB,Byun Eunbi,변은비,은비,11/23/2000,PRECIOUS,South Korea,164,49,Busan,F,
1381,Jihyo,Lee Jihyo,이지효,지효,4/22/2001,PRECIOUS,South Korea,166,49,Gyeonggi,F,
1382,Hanwoom,Byun Hanwoom,변한움,한움,6/5/2001,PRECIOUS,South Korea,160,43,Seoul,F,
1383,Lee Soo,Jin Isoo,진이수,이수,6/27/2001,PRECIOUS,South Korea,163,47,Incheon,F,
1384,Hanbyul,Kyung Hanbyul,경한별,한별,7/1/2005,PRECIOUS,South Korea,167,49,Seoul,F,
1385,Seoyoon,Kim Suyoung,김수영,서윤,1/26/1995,BOTOPASS,South Korea,0,0,,F,
1386,Cui Xiang,Cui Xiang,최상,최상,1/26/1995,BOTOPASS,China,0,0,,F,
1387,Jiwon,Park Jiwon,박지원,지원,3/17/1997,BOTOPASS,South Korea,165,45,,F,
1388,Ria,Kuwayama Ria,쿠와야마 리아,리아,2/3/1998,BOTOPASS,Japan,0,0,,F,
1389,Mihee,Lee Mihee,이미희,미희,8/24/2000,BOTOPASS,South Korea,0,0,,F,
1390,Harin,Seo Harin,서하린,하린,12/7/2000,BOTOPASS,South Korea,0,0,,F,
1391,Shiho,Kwon Subin,권수빈,시호,8/22/2001,BOTOPASS,South Korea,0,0,,F,
1392,Ahyoon,Choi Subin,최수빈,아윤,10/23/2004,BOTOPASS,South Korea,0,0,,F,
1393,Eseo,Noh Hyunjung,노현정,이서,3/4/1996,LUNARSOLAR,South Korea,161,0,,F,
1394,Taeryeong,Lim Jeongmin,임정민,태령,12/27/2000,LUNARSOLAR,South Korea,0,0,,F,
1395,Jian,Kwon Jieun,권지은,지안,3/14/2001,LUNARSOLAR,South Korea,0,0,,F,
1396,Yuuri,Tokunaga Yuuri,도쿠나가 유우리,유우리,5/16/2001,LUNARSOLAR,Japan,0,0,,F,
1397,Sieun,Lee Sieun,이시은,시은,9/19/1993,CHECKMATE,South Korea,163,0,,F,
1398,Suri,Kang Suri,강수리,수리,10/11/1994,CHECKMATE,South Korea,168,0,,F,
1402,Karina,Yoo Jimin,유지민,카리나,4/11/2000,aespa,South Korea,167,45,Gyeonggi,F,
1403,Giselle,Uchinaga Aeri,우치나가 애리,지젤,10/30/2000,aespa,Japan,166,0,,F,
1404,Winter,Kim Minjung,김민정,윈터,1/1/2001,aespa,South Korea,0,0,Yangsan,F,
1405,Ningning,Ning Yizhuo,닝이쭤,닝닝,10/23/2002,aespa,China,165,43,Harbin,F,
1406,Juhyun,Cha Juhyun,차주현,주현,4/1/2000,Bling Bling,South Korea,0,0,,F,
1407,Ayamy,Suzuki Ayami,스즈키 아야미,아야미,7/15/2000,Bling Bling,Japan,0,0,,F,
1408,Jieun,Choi Jieun,최지은,지은,3/3/2001,Bling Bling,South Korea,0,0,,F,
1409,Marin,Yasufuku Marin,야스후쿠 마린,마린,3/17/2001,Bling Bling,Japan,0,0,Osaka,F,
1410,Narin,Lee Narin,이나린,나린,10/29/2001,Bling Bling,South Korea,0,0,,F,
1411,Yubin,Kim Yubin,김유빈,유빈,2/27/2002,Bling Bling,South Korea,166,47,,F,
1412,Sumin,Bae Sumin,배수민,수민,3/13/2001,STAYC,South Korea,159,46,Pohang,F,
1413,Sieun,Park Sieun,박시은,시은,8/1/2001,STAYC,South Korea,160,44,Seoul,F,
1414,Isa,Lee Chaeyoung,이채영,아이사,1/23/2002,STAYC,South Korea,165,45,Busan,F,
1415,Seeun,Yoon Seeun,윤세은,세은,6/14/2003,STAYC,South Korea,167,49,Pyeongtaek,F,
1416,Yoon,Shim Jayoon,심자윤,윤,4/14/2004,STAYC,South Korea,171,49,Gwangju,F,
1417,J,Jang Yeeun,장예은,제이,12/9/2004,STAYC,South Korea,170,48,Daejeon,F,
1427,SongSun,Kim Songsun,김송선,송선,3/22/1997,TRI.BE,South Korea,0,0,,F,
1428,Kelly,Lin Kelly,린 켈리,켈리,1/16/2002,TRI.BE,Taiwan,0,0,Kaohsiung,F,
1429,Jinha,Kim Jinha,김진하,진하,11/21/2003,TRI.BE,South Korea,0,0,,F,
1430,Hyunbin,Kim Hyunbin,김현빈‬,현빈‬,5/26/2004,TRI.BE,South Korea,0,0,,F,
1431,Jia,Guo Jiajia,궈 지아지아,지아,7/30/2005,TRI.BE,China,0,0,,F,
1432,Soeun,Bang Soeun,방소은,소은,12/10/2005,TRI.BE,South Korea,0,0,,F,
1433,Mire,Su Mire,수미레,미레,3/26/2006,TRI.BE,Japan,0,0,,F,
1443,Lola,Choi Yoojung,최유정,로라,2/22/2001,Pixy,South Korea,169,0,,F,
1444,Satbyeol,Jeon Yujin,전유진,샛별,2/27/2001,Pixy,South Korea,165,0,,F,
1445,Dia,Choi Eunji,최은지,디아,7/16/2001,Pixy,South Korea,165,0,,F,
1446,Sua,Choi Sooah,최수아,수아,2/24/2003,Pixy,South Korea,162,44,,F,
1447,Dajeong,Jung Dajeong,정다정,다정,7/31/2003,Pixy,South Korea,157,42,,F,
1459,Sangah,Yoo Sangah,윤상아,상아,9/4/2002,LIGHTSUM,South Korea,168,0,Incheon,F,
1460,Chowon,Han Chowon,한초원,초원,9/16/2002,LIGHTSUM,South Korea,168,50,Seoul,F,
1461,Nayoung,Kim Nayoung,김나영,나영,11/30/2002,LIGHTSUM,South Korea,154,43,Chuncheon,F,
1462,Hina,Nagai Hina,나가이 히나,히나,4/7/2003,LIGHTSUM,Japan,0,0,Kanagawa,F,
1463,Juhyeon,Lee Juhyeon,이주현,주현,4/8/2004,LIGHTSUM,South Korea,171,48,,F,
1464,Yujeong,Lee Yujeong,이유정,유정,6/14/2004,LIGHTSUM,South Korea,160,41,,F,
1465,Huiyeon,Oh Huiyeon,오휘연,휘연,8/1/2005,,South Korea,0,0,,F,
1466,Jian,Kim Jian,김지안,지안,11/4/2006,,South Korea,0,0,,F,
1467,Ida,Ko Chaeyoung,고채영,아이다,5/19/2000,MAJORS,South Korea,163,43,,F,
1468,Vita,Kim Jimin,김지민,비타,2/3/2000,MAJORS,South Korea,168,54,,F,
1469,Aki,Jang Minju,장민주,아키,2/12/2001,MAJORS,South Korea,168,48,,F,
1470,Suzy,Kim Suji,김수지,수지,6/3/2001,MAJORS,South Korea,164,45,,F,
1471,Shinye,Kam Yerim,감예림,신예,3/7/2004,MAJORS,South Korea,166,46,,F,
1491,Mayna,Shaoxi Mengna,,메이나,5/12/2000,HOT ISSUE,China,170,47,,F,
1492,Nahyun,Kang Nahyun,강나현,나현,1/25/2002,HOT ISSUE,South Korea,0,0,,F,
1493,Hyeongshin,Kim Hyungshin,김형신,형신,5/3/2002,HOT ISSUE,South Korea,0,0,,F,
1494,Dana,Jang Dana,장다나,다나,12/25/2003,HOT ISSUE,South Korea,0,0,,F,
1495,Yewon,Park Yewon,박예원,예원,1/11/2004,HOT ISSUE,South Korea,0,0,,F,
1496,Yebin,Kim Yebin,김예빈,예빈,11/1/2004,HOT ISSUE,South Korea,0,0,,F,
1497,Dain,Jung Dain,정다인,다인,12/15/2004,HOT ISSUE,South Korea,0,0,,F,
1498,Momoka,Matsuda Momoka,마쓰다 모모카,모모카,12/26/2000,Pink Fantasy,Japan,152,0,,F,
1499,Miku,Katae Miku,카타에 미쿠,미쿠,10/9/2002,Pink Fantasy,Japan,0,0,,F,
1500,Mint,Kunpat Phonpawiworakun,쿤팟 퍼언빠위워라쿤,민트,6/23/1994,Tiny-G,Thailand,150,42,,F,
1501,Dohee,Min Dohee,민도희,도희,9/25/1994,Tiny-G,South Korea,152,39,,F,
1502,J.Min,Shin Minjung,신민정,제이민,11/20/1994,Tiny-G,South Korea,155,0,,F,
1503,Myungji,Kim Myungji,김명지,명지,10/9/1997,Tiny-G,South Korea,164,0,,F,
1516,E.Ji,Choi Jiwon,최지원,이지,11/8/2000,ICHILLIN',South Korea,0,0,,F,
1517,Jackie,Kang Chaeyeon,강채연,재키,11/17/2001,ICHILLIN',South Korea,0,0,Los Angeles,F,
1518,Joonie,Park Junhee,박준희,주니,5/24/2002,ICHILLIN',South Korea,0,0,,F,
1519,Chaerin,Park Chaerin,박채린,채린,3/31/2003,ICHILLIN',South Korea,0,0,,F,
1520,Sohee,Uhm Sohee,음소희,소희,1/1/2004,ICHILLIN',South Korea,0,0,,F,
1521,Yeju,Kim Yeju,김예주,예주,2/1/2004,ICHILLIN',South Korea,0,0,,F,
1522,Chowon,Kim Chowon,김초원,초원,8/18/2005,ICHILLIN',South Korea,0,0,,F,
1527,Eunchae,Son Eunchae,손은채,은채,10/6/1999,bugAboo,South Korea,154,38,Pohang,F,
1528,Yoona,Ogura Yuuna,오구라 유우나,유우나,10/13/2000,bugAboo,Japan,0,0,Sapporo,F,
1529,Rainie,Chu Chingyu,주칭위,레이니,11/16/2000,bugAboo,Taiwan,0,0,,F,
1530,Cyan,Lee Chaeeun,이채은,시안,4/4/2001,bugAboo,South Korea,0,0,Sanbon,F,
1531,Choyeon,Kim Choyeon,김초연,초연,8/1/2001,bugAboo,South Korea,164,44,,F,
1532,Zin,Jin Hyunbin,진현빈,지인,8/31/2001,bugAboo,South Korea,0,0,,F,
1533,Moon Sua,Moon Sua,문수아,문수아,9/9/1999,Billlie,South Korea,167,47,Cheongju,F,
1534,Suhyeon,Kim Suhyun,김수현,수현,1/15/2000,Billlie,South Korea,161,45,Daegu,F,
1535,Haram,Kim Haram,김하람,하람,1/13/2001,Billlie,South Korea,161,45,,F,
1536,Tsuki,Fukutomi Tsuki,후쿠토미 츠키,츠키,9/21/2002,Billlie,Japan,0,0,,F,
1537,Siyoon,Kim Siyoon,김시윤,시윤,2/16/2005,Billlie,South Korea,168,0,,F,
1538,Haruna,Osato Haruna,오사토 하루나,하루나,1/30/2006,Billlie,Japan,0,0,,F,
1547,Youngheun,Go Youngheun,고영흔,영흔,11/20/1994,Blackswan,South Korea,0,0,,F,
1548,Fatou,Fatou Samba,파투 삼바,파투,3/23/1995,Blackswan,Belgium,173,0,Yoff,F,
1549,Judy,Kim Dahye,김다혜,주디,5/16/1995,Blackswan,South Korea,0,0,,F,
1550,Leia,Larissa Kartes,라리사 카르치스,레아,5/14/2001,Blackswan,Brazil,0,0,Curitiba,F,
1551,Lee Jin,Shim Yerin,심예린,이진,3/12/2001,Hi-L,South Korea,0,0,,F,
1552,Soojung,Hwang Soojung,황수정,수정,5/10/2001,Hi-L,South Korea,169,47,Yongin,F,
1553,Dakyung,Jung Dakyung,정다경,다경,7/23/2001,Hi-L,South Korea,0,0,,F,
1554,JooA,Lee Juhyun,이주현,주아,3/4/2002,Hi-L,South Korea,173,0,,F,
1555,Hayun,Choi Hayun,최하윤,하윤,1/16/2004,Hi-L,South Korea,0,0,Seoul,F,
1556,Yeseul,Kim Yeseul,김예슬,예슬,3/24/2004,Hi-L,South Korea,0,0,,F,
1557,Sullyoon,Seol Yoona,설윤아,설윤,1/26/2004,NMIXX,South Korea,0,0,,F,
1558,Jinni,Choi Yujin,최윤진,지니,4/16/2004,NMIXX,South Korea,0,0,,F,
1559,Bae,Bae Jinsol,배진솔,배이,12/28/2004,NMIXX,South Korea,0,0,,F,
1560,Jiwoo,Kim Jiwoo,김지우,지우,4/13/2005,NMIXX,South Korea,0,0,,F,
1561,Kyujin,Jang Kyujin,장규진,규진,5/26/2006,NMIXX,South Korea,0,0,,F,
1562,Mashiro,Sakamoto Mashiro,사카모토 마시로,마시로,12/16/1999,Kep1er,Japan,157,0,,F,
1563,Hikaru,Ezaki Hikaru,에자키 히카루,히카루,3/12/2004,Kep1er,Japan,155,0,,F,
1564,Youngeun,Seo Youngeun,서영은,영은,12/27/2004,Kep1er,South Korea,159,0,,F,
1565,Dayeon,Kim Dayeon,김다연,다연,3/2/2003,Kep1er,South Korea,158,0,,F,
1566,Chaehyun,Kim Chaehyun,김채현,채현,4/26/2002,Kep1er,South Korea,160,0,,F,
1567,Bahiyyih,Huening Bahiyyih,휴닝바히에,바히에,7/27/2004,Kep1er,USA,166,0,,F,
1568,XiaoTing,Shen Xiao Ting,션샤오팅,샤오팅,11/12/1999,Kep1er,China,168,0,,F,
1569,Sheon,Kim Suyeon,김수연,션,1/28/2003,Billlie,South Korea,162,0,,F,
1570,Gaeul,Kim Gaeul,김가을,가을,9/24/2002,IVE,South Korea,166,46,Incheon,F,
1571,Rei,Naoi Rei,나오이 레이,레이,2/3/2004,IVE,Japan,169,47,,F,
1572,Liz,Kim Jiwon,김지원,리즈,11/21/2004,IVE,South Korea,170,49,,F,
1573,Leeseo,Lee Hyunseo,이현서,이서,2/21/2007,IVE,South Korea,170,48,,F,
1574,Sitala,Sitala Wongkrachang,시탈라 웡크라창,시탈라,4/23/1996,,Thailand,173,0,,F,
1575,Seoi,Lee Yejin,이예진,서이,2/12/2000,H1-KEY,South Korea,169,0,,F,
1576,Riina,Lee Seunghyeon,이승현,리이나,2/21/2001,H1-KEY,South Korea,172,55,,F,
1577,Yel,Han Shinyoung,한신영,옐,12/25/2004,H1-KEY,South Korea,172,0,,F,
1585,Hana,Hayase Hana,하야세 하나,하나,2/27/2000,ILY:1,Japan,165,0,,F,
1586,Ara,Lee Yunji,이윤지,아라,1/23/2002,ILY:1,South Korea,158,0,,F,
1587,Rona,Chang Ching,장찡,로나,6/5/2002,ILY:1,Taiwan,165,0,Taipei,F,
1588,Ririka,Kishida Ririka,키시다 리리카,리리카,7/2/2002,ILY:1,Japan,162,0,,F,
1589,Nayu,Kim Yewon,김예원,나유,7/23/2002,ILY:1,South Korea,0,0,,F,
1590,Elva,Lee Yonghwa,이용화,엘바,5/5/2003,ILY:1,South Korea,0,0,,F,
1591,Lily,Lily Jin Morrow,릴리 진 머로우,릴리,10/17/2002,NMIXX,Australia,0,0,Marysville,F,
1592,Haewon,Oh Haewon,오해원,해원,2/25/2003,NMIXX,South Korea,0,0,,F,
1593,Alice,Cheon Jaeyoung,천재영,앨리스,2/20/2002,TRACER,South Korea,0,0,,F,
1594,Genie,Cho Heejin,조희진,지니,3/19/2002,TRACER,South Korea,0,0,,F,
1595,Sowon,Nam Soeun,남소은,소원,12/13/2004,TRACER,South Korea,0,0,,F,
1596,Yubeen,Jin Yubeen,진유빈,유빈,9/5/2006,TRACER,South Korea,0,0,,F,
1597,Jimin,Won Jimin,원지민,지민,11/25/2007,CLASS:y,South Korea,171,0,,F,
1598,Seonyu,Kim Seonyu,김선유,선유,3/20/2008,CLASS:y,South Korea,159,0,,F,
1599,Hyeju,Hong Hyeju,홍혜주,혜주,12/9/2003,CLASS:y,South Korea,166,0,Seoul,F,
1600,Riwon,Kim Riwon,김리원,리원,1/11/2007,CLASS:y,South Korea,156,0,,F,
1601,Boeun,Park Boeun,박보은,보은,2/11/2008,CLASS:y,South Korea,155,0,,F,
1602,Chaewon,Yoon Chaewon,윤채원,채원,6/4/2003,CLASS:y,South Korea,163,0,,F,
1628,Yunjin,Huh Yunjin,허윤진,윤진,10/8/2001,LE SSERAFIM,South Korea,171,53,,F,
1629,Kazuha,Nakamura Kazuha,나카무라 카즈하,카즈하,8/9/2003,LE SSERAFIM,Japan,174,0,Osaka,F,
1630,Garam,Kim Garam,김가람,가람,11/16/2005,,South Korea,170,0,,F,
1631,Eunchae,Hong Eunchae,홍은채,은채,11/10/2006,LE SSERAFIM,South Korea,172,0,,F,
1632,EJ,Kim Eunji,김은지,이제이,8/13/1997,ALICE,South Korea,164,47,,F,
1633,Chaejeong,Lee Chaejeong,이채정,채정,8/26/1999,ALICE,South Korea,164,48,,F,
1634,Via,Kim Via,김비아,비아,8/17/2000,FANATICS,South Korea,165,46,Busan,F,
1635,Rayeon,Lee Rayeon,이나연,나연,11/24/2001,FANATICS,South Korea,167,45,Gwangju,F,
1636,Chanty,Maria Chantal Videla,마리아 샹탈 비델라,샨티,12/15/2002,Lapillus,Philippines,170,0,Manila,F,
1637,Shana,Nonaka Shana,노나카 샤나,샤나,3/13/2003,Lapillus,Japan,158,0,Kochi,F,
1638,Yue,Nancy Yang,낸시 양,유에,7/3/2004,Lapillus,USA,163,48,,F,
1639,Bessie,Kim Susanna,김수산나,베시,7/15/2004,Lapillus,South Korea,0,0,Changwon,F,
1640,Seowon,Jang Seowon,장서원,서원,12/5/2006,Lapillus,South Korea,0,0,Gwangju,F,
1641,Haeun,Lim Haeun,임하은,하은,11/2/2008,Lapillus,South Korea,0,0,,F,
1642,Hwiseo,Jo Hwihyeon,조휘현,화서,7/31/2002,H1-KEY,South Korea,168,0,,F,
1656,Jia,Yoon Jia,윤지아,지아,1/16/2004,mimiimiii,South Korea,166,0,Incheon,F,
1657,Yooyeon,Kim Yooyeon,김유연,유연,2/9/2001,tripleS,South Korea,164,46,Seoul,F,
1658,Seoyeon,Yoon Seoyeon,윤서연,서연,8/6/2003,tripleS,South Korea,0,0,,F,
1659,Jiwoo,Lee Jiwoo,이지우,지우,10/24/2005,tripleS,South Korea,0,0,,F,
1660,Hyerin,Jeong Hyerin,정혜린,혜린,4/12/2007,tripleS,South Korea,0,0,,F,
1661,Minji,Kim Minji,김민지,민지,5/7/2004,NewJeans,South Korea,169,0,Yeongwol,F,
1662,Hanni,Pham Ngoc Han,팜응옥헌,하니,10/6/2004,NewJeans,Vietnam,162,0,Melbourne,F,
1663,Danielle,Mo Jihye,모지혜,다니엘,4/11/2005,NewJeans,South Korea,165,0,Munsan,F,
1664,Haerin,Kang Haerin,강해린,해린,5/15/2006,NewJeans,South Korea,165,0,Gimcheon,F,
1665,Hyein,Lee Hyein,이혜인,혜인,4/21/2008,NewJeans,South Korea,170,0,Incheon,F,
